source,id,year_joined_party,start_key,province_joined,locale_joined,political_party,year_left_party,end_key
-9,12037,1916,0,-9,-9,1,-9,0
3,16,1918,0,-9,-9,1,-9,0
3,20,1904,0,-9,-9,1,-9,0
3,26,1902,0,-9,-9,2,1916,0
3,41,1921,0,85,204,1,-9,0
3,49,1919,0,90,761,1,-9,0
3,89,-9,0,-9,-9,13,-9,0
3,89,1917,0,23,52,1,-9,0
3,111,1906,0,-9,-9,16,1907,0
3,111,1910,0,-9,-9,18,1917,0
3,111,1917,0,-9,-9,1,-9,0
3,122,1905,0,-9,-9,1,-9,0
3,126,1902,0,-9,-9,12,1917,0
3,126,1917,0,-9,-9,21,1917,0
3,126,1918,0,203,-9,1,-9,0
3,126,1918,0,203,485,1,-9,0
3,150,1919,0,367,-9,1,-9,0
3,159,1919,0,-9,-9,1,-9,0
3,177,1902,0,-9,-9,1,-9,0
3,181,1904,0,-9,-9,1,-9,0
3,188,-9,0,-9,-9,1,-9,0
3,188,1883,0,-9,-9,4,-9,0
3,203,1917,0,203,485,1,-9,0
3,223,1896,0,-9,-9,13,1901,2
3,223,1901,1,203,-9,12,1904,0
3,223,1904,0,-9,-9,1,1917,2
3,223,1904,0,182,414,1,-9,0
3,223,1914,1,-9,-9,21,1917,2
3,223,1918,1,-9,-9,2,1922,2
3,262,1905,0,203,485,1,-9,0
3,283,1905,0,179,-9,1,-9,0
3,309,1902,0,-9,-9,13,1905,0
3,309,1917,0,-9,-9,21,1917,0
3,309,1918,0,-9,-9,1,-9,0
3,357,1900,0,182,414,1,-9,0
3,410,1917,0,203,485,1,-9,0
3,417,1904,0,182,414,1,-9,0
3,471,-9,0,-9,-9,1,-9,0
3,484,1907,0,-9,-9,1,-9,0
3,521,1913,0,-9,-9,1,-9,0
3,521,1913,0,182,414,1,-9,0
3,549,-9,0,-9,-9,12,-9,0
3,549,1903,0,-9,-9,1,-9,0
3,586,1904,0,337,841,1,-9,0
3,632,1904,0,-9,-9,12,1907,0
3,632,1917,0,-9,-9,1,-9,0
3,649,1917,0,-9,-9,1,-9,0
3,705,1904,0,90,761,1,-9,0
3,724,1917,0,42,-9,1,-9,0
3,742,1902,1,-9,-9,12,1917,0
3,742,1917,0,-9,-9,21,1920,2
3,742,1920,0,-9,-9,1,-9,0
3,786,1904,0,-9,-9,1,-9,0
3,791,1914,0,-9,-9,1,-9,0
3,833,1917,0,-9,-9,2,1920,0
3,833,1920,0,203,485,1,-9,0
3,840,1894,0,-9,-9,13,1894,1
3,840,1898,0,-9,-9,1,-9,0
3,841,1897,0,-9,-9,24,1920,0
3,841,1920,0,-9,-9,1,-9,0
3,878,1901,0,-9,-9,12,1918,2
3,878,1931,0,203,485,1,-9,0
3,904,1904,0,-9,-9,1,-9,0
3,904,1904,0,-9,-9,22,1920,2
3,917,1917,0,-9,-9,1,-9,0
3,922,1917,0,278,698,1,-9,0
3,953,1910,0,-9,-9,12,1917,0
3,953,1917,0,-9,-9,1,-9,0
3,962,1920,0,-9,-9,1,-9,0
3,966,1900,0,-9,-9,-9,1903,0
3,966,1903,0,203,485,1,-9,0
3,977,1917,0,-9,-9,9,1917,0
3,977,1917,0,182,414,1,-9,0
3,998,1904,0,-9,-9,1,-9,0
3,1028,1906,0,-9,-9,5,1917,0
3,1028,1917,0,-9,-9,23,1919,0
3,1028,1919,0,325,-9,1,-9,0
3,1040,-9,0,-9,-9,1,-9,0
3,1040,1905,2,-9,-9,2,1921,2
3,1051,1902,0,-9,-9,1,-9,0
3,1052,1921,0,203,485,1,-9,0
3,1077,1907,0,-9,-9,1,-9,0
3,1084,1917,0,-9,-9,1,-9,0
3,1088,1913,0,-9,-9,1,-9,0
3,1092,1904,0,203,485,1,-9,0
3,1109,1905,0,240,-9,1,-9,0
3,1111,1930,0,203,485,1,-9,0
3,1115,1898,0,354,-9,1,-9,0
3,1136,1918,0,-9,-9,1,-9,0
3,1151,1919,0,-9,-9,1,-9,0
3,1154,1942,0,-9,-9,1,-9,0
3,1157,1913,0,182,414,1,-9,0
3,1227,1914,0,-9,-9,1,-9,0
3,1241,1905,0,-9,-9,1,-9,0
3,1250,1896,0,-9,-9,11,1896,1
3,1250,1898,0,182,414,1,-9,0
3,1258,1901,0,203,235,1,-9,0
3,1259,1930,0,203,485,1,-9,0
3,1268,1898,0,-9,-9,11,-9,0
3,1268,1903,0,-9,-9,1,-9,0
3,1284,1903,0,-9,-9,1,-9,0
3,1303,1901,0,-9,-9,12,-9,0
3,1303,1903,0,-9,-9,1,-9,0
3,1331,1917,0,203,485,1,-9,0
3,1345,1890,0,-9,-9,11,1890,1
3,1345,1898,0,-9,-9,12,1903,0
3,1345,1903,0,-9,-9,2,1920,0
3,1345,1920,0,203,485,1,-9,0
3,1358,1913,0,-9,-9,30,1920,0
3,1358,1920,0,40,-9,1,-9,0
3,1388,1910,0,179,626,1,-9,0
3,1438,1907,0,-9,-9,1,-9,0
3,1448,1903,0,-9,-9,1,-9,0
3,1453,1918,0,182,414,1,-9,0
3,1465,1909,0,-9,-9,1,-9,0
3,1525,1905,0,-9,-9,1,-9,0
3,1541,1908,0,67,165,1,-9,0
3,1583,1892,0,-9,-9,11,-9,0
3,1583,1898,0,293,-9,1,-9,0
3,1604,1905,0,-9,-9,1,-9,0
3,1612,1905,0,-9,-9,1,-9,0
3,1622,1890,0,-9,-9,11,1890,1
3,1622,1898,0,163,683,1,-9,0
3,1632,1898,0,80,781,1,-9,0
3,1650,1904,0,225,551,1,-9,0
3,1683,1904,0,-9,-9,1,-9,0
3,1686,1917,0,-9,-9,1,-9,0
3,1694,1917,0,203,485,1,-9,0
3,1731,1917,0,-9,-9,21,1917,0
3,1731,1917,0,182,-9,1,-9,0
3,1731,1917,0,182,414,1,-9,0
3,1747,1908,0,-9,-9,7,1909,0
3,1747,1909,0,-9,-9,1,-9,0
3,1753,1902,0,-9,-9,1,-9,0
3,1764,1893,0,182,414,1,-9,0
3,1769,1914,0,-9,-9,1,-9,0
3,1779,1917,0,-9,-9,1,-9,0
3,1797,1915,0,-9,-9,1,-9,0
3,1804,1904,0,-9,-9,1,-9,0
3,1804,1904,0,-9,-9,3,-9,0
3,1808,1891,0,-9,-9,3,1893,0
3,1808,1893,0,203,485,1,-9,0
3,1821,1910,0,-9,-9,1,-9,0
3,1825,1898,0,-9,-9,1,-9,0
3,1830,1907,0,-9,-9,1,-9,0
3,1842,1913,0,324,-9,1,-9,0
3,1879,1892,0,-9,-9,11,-9,0
3,1879,1917,0,182,414,1,-9,0
3,1884,1920,0,-9,-9,1,-9,0
3,1933,1906,0,-9,-9,1,-9,0
3,1936,1903,0,-9,-9,1,-9,0
3,1947,1930,0,-9,-9,1,-9,0
3,1951,1893,0,-9,-9,1,-9,0
3,1984,1900,0,-9,-9,5,1904,0
3,1984,1904,0,-9,-9,1,-9,0
3,2011,1901,0,27,-9,1,-9,0
3,2015,1917,0,-9,-9,1,-9,0
3,2017,1917,0,-9,-9,1,-9,0
3,2018,1912,0,-9,-9,1,-9,0
3,2039,1908,0,-9,-9,1,-9,0
3,2058,1917,0,-9,-9,1,-9,0
3,2071,1893,0,-9,-9,1,-9,0
3,2130,1903,0,-9,-9,1,-9,0
3,2158,1940,0,203,485,1,-9,0
3,2189,1904,0,264,655,1,-9,0
3,2256,1903,0,90,761,1,-9,0
3,2315,1912,0,-9,-9,1,-9,0
3,2344,1908,0,-9,-9,1,-9,0
3,2360,1905,0,174,395,1,-9,0
3,2367,1898,0,-9,-9,1,-9,0
3,2387,1919,0,-9,-9,1,-9,0
3,2410,1895,2,-9,-9,11,1895,1
3,2410,1897,0,77,189,1,-9,0
3,2416,-9,0,-9,-9,8,1910,0
3,2416,1910,0,182,414,1,-9,0
3,2418,1917,0,-9,-9,-9,1917,0
3,2423,1923,0,203,485,1,-9,0
3,2429,1924,0,203,485,1,-9,0
3,2453,1903,0,-9,-9,39,1904,0
3,2453,1905,0,203,485,1,-9,0
3,2468,1912,0,182,414,1,-9,0
3,2470,1920,0,203,485,1,-9,0
3,2471,1904,0,-9,-9,12,1914,0
3,2471,1914,0,-9,-9,36,1918,0
3,2471,1918,0,-9,-9,1,-9,0
3,2489,1906,0,225,551,1,-9,0
3,2489,1917,0,-9,-9,21,1920,2
3,2489,1920,0,108,266,1,-9,0
3,2499,1924,0,1,-9,1,-9,0
3,2519,1904,0,-9,-9,1,-9,0
3,2571,1898,0,182,414,1,-9,0
3,2575,1898,0,203,485,1,-9,0
3,2586,1919,0,-9,-9,1,-9,0
3,2597,1910,0,182,414,1,-9,0
3,2663,1895,0,-9,-9,41,1918,0
3,2663,1920,0,79,434,1,-9,0
3,2692,1913,0,162,536,1,-9,0
3,2695,1915,0,-9,-9,1,-9,0
3,2701,1917,0,133,461,1,-9,0
3,2710,1899,0,-9,-9,1,-9,0
3,2808,1903,0,-9,-9,1,-9,0
3,2809,1903,0,-9,-9,1,-9,0
3,2901,1906,0,203,485,1,-9,0
3,2913,1918,0,-9,-9,1,-9,0
3,2915,1905,0,-9,-9,1,-9,0
3,2957,1899,0,-9,-9,1,-9,0
3,3007,1895,0,-9,-9,11,-9,0
3,3007,1898,0,-9,-9,1,-9,0
3,3056,1895,0,-9,-9,11,1895,1
3,3056,1898,0,-9,-9,1,-9,0
3,3091,1898,0,309,761,1,-9,0
3,3112,1915,0,-9,-9,1,-9,0
3,3116,1902,0,-9,-9,1,-9,0
3,3117,1893,0,-9,-9,1,-9,0
3,3117,1893,0,-9,-9,11,-9,0
3,3135,1903,0,-9,-9,1,-9,0
3,3144,1905,0,-9,-9,1,-9,0
3,3160,1902,0,-9,-9,1,-9,0
3,3161,1904,0,291,735,1,-9,0
3,3236,1904,0,-9,-9,1,-9,0
3,3243,1904,0,-9,-9,1,-9,0
3,3294,1898,0,143,318,1,-9,0
3,3319,1905,0,-9,-9,1,-9,0
3,3323,1900,0,-9,-9,1,-9,0
3,3323,1900,0,-9,-9,20,1917,1
3,3350,1897,0,-9,-9,24,1921,0
3,3350,1921,0,29,475,1,-9,0
3,3398,-9,0,-9,-9,1,-9,0
3,3398,1902,2,-9,-9,13,1917,2
3,3398,1917,1,-9,-9,31,1921,2
3,3443,1913,0,-9,-9,1,-9,0
3,3458,1920,0,203,-9,1,-9,0
3,3534,1917,0,325,332,1,-9,0
3,3546,1906,0,-9,-9,1,-9,0
3,3611,-9,0,-9,-9,1,-9,0
3,3614,1902,0,-9,-9,1,-9,0
3,3638,1904,0,-9,-9,12,1917,0
3,3638,1917,0,-9,-9,21,1919,2
3,3638,1919,0,182,414,1,-9,0
3,3653,1896,0,-9,-9,11,-9,0
3,3653,1903,0,-9,-9,1,-9,0
3,3660,1915,0,-9,-9,1,-9,0
3,3663,1916,0,-9,-9,1,-9,0
3,3666,1912,0,-9,-9,12,-9,0
3,3666,1917,0,-9,-9,1,-9,0
3,3680,1901,0,-9,-9,1,-9,0
3,3683,1909,0,182,-9,1,-9,0
3,3693,1903,0,-9,-9,1,-9,0
3,3698,1914,0,-9,-9,1,-9,0
3,3702,1906,0,-9,-9,1,-9,0
3,3704,1903,0,-9,-9,1,-9,0
3,3738,1905,0,261,651,1,-9,0
3,3750,1917,0,-9,-9,1,-9,0
3,3752,1906,0,-9,-9,1,-9,0
3,3755,1904,0,-9,-9,1,-9,0
3,3758,1903,0,-9,-9,1,-9,0
3,3760,1917,0,-9,-9,1,-9,0
3,3772,1902,0,203,485,1,-9,0
3,3784,1903,0,-9,-9,1,-9,0
3,3797,1901,0,223,545,1,-9,0
3,3801,1903,0,-9,-9,1,-9,0
3,3821,1903,0,-9,-9,1,-9,0
3,3851,1912,0,182,-9,1,-9,0
3,3859,1918,0,318,787,1,-9,0
3,4024,1912,0,-9,-9,1,-9,0
3,4120,1905,0,-9,-9,1,-9,0
3,4182,1916,0,-9,-9,1,-9,0
3,4219,1906,0,286,220,1,-9,0
3,4285,1903,0,-9,-9,1,-9,0
3,4295,1917,0,-9,-9,1,-9,0
3,4375,1905,0,-9,-9,1,1917,0
3,4375,1905,0,114,272,1,-9,0
3,4375,1921,0,-9,-9,1,-9,0
3,4552,1921,0,-9,-9,1,-9,0
3,4565,1919,0,-9,-9,1,-9,0
3,4699,1904,0,313,770,1,-9,0
3,4869,1928,0,-9,-9,1,-9,0
3,4952,1904,0,-9,-9,1,-9,0
3,4958,1919,0,-9,-9,1,-9,0
3,5025,1924,0,-9,-9,1,-9,0
3,5054,1913,0,-9,-9,1,-9,0
3,5072,1908,0,-9,-9,1,-9,0
3,5073,1918,0,-9,-9,1,-9,0
3,5119,1917,0,-9,-9,1,-9,0
3,5132,1911,0,-9,-9,1,-9,0
3,5187,1898,0,203,485,1,-9,0
3,5250,1903,0,-9,-9,1,-9,0
3,5270,1905,0,113,760,1,-9,0
3,5291,1915,0,-9,-9,1,-9,0
3,5313,1903,0,-9,-9,1,-9,0
3,5328,1901,0,105,-9,1,-9,0
3,5338,1904,0,-9,-9,5,1918,0
3,5338,1918,0,-9,-9,1,-9,0
3,5371,1919,0,-9,-9,1,-9,0
3,5470,1916,0,-9,-9,1,-9,0
3,5533,1893,0,203,485,1,-9,0
3,5587,1905,0,-9,-9,1,-9,0
3,5624,1920,0,213,229,1,-9,0
3,5782,1913,0,-9,-9,1,-9,0
3,5821,1914,0,-9,-9,1,-9,0
3,5857,1917,0,-9,-9,1,-9,0
3,5866,1911,0,-9,-9,1,-9,0
3,5888,1918,0,-9,-9,1,-9,0
3,5894,1919,0,-9,-9,1,-9,0
3,5984,1919,0,-9,-9,1,-9,0
3,6059,1904,0,179,626,1,-9,0
3,6096,1919,0,-9,-9,1,-9,0
3,6097,1902,0,-9,-9,20,1917,0
3,6097,1907,0,-9,-9,46,1917,2
3,6097,1917,0,182,414,1,-9,0
3,6098,1905,0,-9,-9,1,-9,0
3,6123,1910,0,-9,-9,1,-9,0
3,6163,1921,0,-9,-9,1,-9,0
3,6242,1898,0,-9,-9,1,-9,0
3,6273,1903,0,-9,-9,1,-9,0
3,6283,-9,0,-9,-9,1,-9,0
3,6283,1905,0,-9,-9,12,1914,0
3,6314,1898,0,-9,-9,1,-9,0
3,6333,1898,0,324,797,1,-9,0
3,6363,1904,0,-9,-9,1,-9,0
3,6383,1917,0,-9,-9,1,-9,0
3,6426,1916,0,-9,-9,1,-9,0
3,6524,1919,0,-9,-9,1,-9,0
3,6527,1918,0,-9,-9,1,-9,0
3,6584,1915,0,-9,-9,1,-9,0
3,6586,1912,0,-9,-9,1,-9,0
3,6590,1917,0,790,-9,1,-9,0
3,6591,1917,0,-9,-9,1,-9,0
3,6592,1914,0,-9,-9,1,-9,0
3,6594,1912,0,-9,-9,1,-9,0
3,6598,1916,0,-9,-9,1,-9,0
3,7066,1902,0,-9,-9,1,-9,0
3,7072,1905,0,-9,-9,1,-9,0
3,7082,-9,0,-9,-9,1,-9,0
3,7082,1905,2,-9,-9,12,1917,2
3,7088,1918,0,186,-9,1,-9,0
3,7104,1908,0,-9,-9,5,1917,0
3,7104,1920,0,-9,-9,1,-9,0
3,7105,-9,0,-9,-9,2,1914,0
3,7105,1917,0,182,414,1,-9,0
3,7110,1906,2,-9,-9,12,1917,0
3,7110,1917,0,182,414,1,-9,0
3,7124,-9,0,-9,-9,1,-9,0
3,7124,1884,0,-9,-9,4,1890,1
3,7124,1890,0,-9,-9,12,1903,0
3,7124,1903,0,-9,-9,2,1919,0
3,7124,1919,0,-9,-9,1,-9,0
3,7168,1915,0,219,-9,1,-9,0
3,7193,-9,0,-9,-9,9,1917,0
3,7193,1902,0,-9,-9,12,1903,0
3,7193,1903,0,-9,-9,1,-9,0
3,7193,1917,0,-9,-9,9,1917,0
3,7193,1917,0,182,414,1,-9,0
3,7210,1902,0,-9,-9,24,1903,0
3,7210,1903,0,-9,-9,2,1914,0
3,7210,1917,0,-9,-9,1,-9,0
3,7218,1919,0,203,485,1,-9,0
3,7221,1903,0,182,414,1,-9,0
3,7226,1917,0,182,414,1,-9,0
3,7234,1903,0,-9,-9,1,-9,0
3,7288,1930,0,203,485,1,-9,0
3,7290,1917,0,-9,-9,1,-9,0
3,7319,1918,0,-9,-9,5,1921,0
3,7319,1921,0,-9,-9,1,-9,0
3,7361,1906,0,-9,-9,1,-9,0
3,7394,1905,0,-9,-9,1,-9,0
3,7406,1902,0,-9,-9,1,-9,0
3,7409,1896,0,-9,-9,15,1899,0
3,7409,1899,0,-9,-9,20,1905,0
3,7409,1900,0,-9,-9,1,-9,0
3,7414,1917,0,201,340,1,-9,0
3,7426,1919,0,347,-9,1,-9,0
3,7442,1926,0,203,485,1,-9,0
3,7455,1905,0,-9,-9,24,1917,0
3,7455,1917,0,325,-9,1,-9,0
3,7458,1918,0,-9,-9,1,-9,0
3,7581,1905,0,-9,-9,1,-9,0
3,7590,1905,0,-9,-9,1,-9,0
3,7592,1931,0,203,485,1,-9,0
3,7602,1917,0,-9,-9,1,-9,0
3,7754,1904,0,-9,-9,-9,1907,0
3,7754,1907,0,-9,-9,1,-9,0
3,7792,1925,0,220,-9,1,-9,0
3,7832,1907,0,-9,-9,2,1916,0
3,7832,1916,0,-9,-9,21,1918,0
3,7832,1918,0,-9,-9,1,-9,0
3,7988,1905,0,203,485,1,-9,0
3,7990,1904,0,-9,-9,1,-9,0
3,7990,1917,0,-9,-9,2,1921,0
3,7990,1923,0,-9,-9,1,-9,0
3,8086,1908,0,-9,-9,1,-9,0
3,8090,1898,0,-9,-9,1,-9,0
3,8090,1904,0,-9,-9,1,-9,0
3,8195,1917,0,-9,-9,1,-9,0
3,8199,1903,0,182,414,1,-9,0
3,8222,1899,0,-9,-9,1,-9,0
3,8226,1914,0,203,-9,1,-9,0
3,8365,-9,0,-9,-9,13,1917,0
3,8365,1917,0,182,414,1,-9,0
3,8373,-9,0,-9,-9,1,-9,0
3,8373,1900,0,-9,-9,20,1919,0
3,8373,1919,0,-9,-9,29,1920,0
3,8430,1904,0,77,189,1,-9,0
3,8470,1956,0,-9,-9,1,-9,0
3,8630,1919,0,-9,-9,1,-9,0
3,8652,1902,0,-9,-9,12,1904,0
3,8652,1905,0,-9,-9,7,1920,0
3,8652,1921,0,203,485,1,-9,0
3,8678,1904,0,-9,-9,12,1908,0
3,8678,1908,0,27,-9,1,-9,0
3,8836,1907,0,-9,-9,1,1921,0
3,8836,1920,1,-9,-9,42,1921,0
3,8836,1922,0,-9,-9,1,-9,0
3,8837,1917,0,200,480,1,-9,0
3,8934,-9,0,-9,-9,2,1917,0
3,8934,1918,0,-9,-9,1,-9,0
3,8987,1917,0,-9,-9,1,-9,0
3,9009,1911,0,-9,-9,1,-9,0
3,9106,1905,0,-9,-9,1,-9,0
3,9207,-9,0,-9,-9,12,1903,0
3,9207,1903,0,-9,-9,1,-9,0
3,9328,1899,0,-9,-9,1,-9,0
3,9499,-9,0,-9,-9,1,-9,0
3,9499,1890,0,-9,-9,12,1903,0
3,9499,1903,0,-9,-9,2,1917,0
3,9508,1897,0,-9,-9,1,-9,0
3,9514,1917,0,-9,-9,1,-9,0
3,9645,1904,0,-9,-9,1,-9,0
3,9707,-9,0,-9,-9,1,-9,0
3,9707,1917,0,-9,-9,5,1919,0
3,9736,1914,0,-9,-9,13,1917,0
3,9736,1917,0,-9,-9,1,-9,0
3,9862,1914,0,-9,-9,1,-9,0
3,9867,1899,0,23,53,1,-9,0
3,9871,1903,2,-9,-9,1,-9,0
3,9956,1902,0,-9,-9,1,-9,0
3,10023,1907,0,-9,-9,1,-9,0
3,10027,-9,0,-9,-9,1,-9,0
3,10027,1904,0,-9,-9,1,-9,0
3,10027,1917,0,-9,-9,21,1918,0
3,10087,1905,0,135,310,1,-9,0
3,10089,1905,0,-9,-9,5,1906,0
3,10089,1907,0,368,249,1,-9,0
3,10097,1901,0,-9,-9,1,-9,0
3,10098,1910,0,-9,-9,12,1911,0
3,10098,1911,0,-9,-9,1,-9,0
3,10098,1911,0,182,414,1,-9,0
3,10099,1902,0,105,258,1,-9,0
3,10167,1917,0,-9,-9,1,-9,0
3,10192,-9,0,-9,-9,1,-9,0
3,10192,-9,0,-9,-9,5,1921,2
3,10217,1904,0,-9,-9,1,-9,0
3,10240,1912,0,-9,-9,1,-9,0
3,10397,1914,0,182,-9,1,-9,0
3,10643,-9,0,-9,-9,1,-9,0
3,10643,1906,0,-9,-9,12,1917,0
3,10643,1917,0,-9,-9,21,1919,0
3,10716,1898,0,-9,-9,1,-9,0
3,10897,-9,0,-9,-9,1,-9,0
3,10897,1905,0,-9,-9,1,1922,0
3,10897,1905,0,182,414,1,-9,0
3,11004,-9,0,-9,-9,1,-9,0
3,11004,1905,0,-9,-9,2,1920,2
3,11174,1918,0,-9,-9,1,-9,0
3,11234,1917,0,-9,-9,1,-9,0
3,11248,1904,0,-9,-9,1,-9,0
3,11294,1905,0,-9,-9,1,-9,0
3,11361,1903,0,-9,-9,12,1917,0
3,11361,1917,0,-9,-9,36,1918,0
3,11361,1918,0,302,-9,1,-9,0
3,11361,1918,0,302,748,1,-9,0
3,11471,1898,0,-9,-9,1,-9,0
3,11485,1906,0,-9,-9,24,1914,0
3,11485,1917,0,-9,-9,1,-9,0
3,11485,1917,0,-9,-9,1,1922,0
3,11501,1905,0,203,485,1,-9,0
3,11816,1903,0,203,485,1,-9,0
3,11816,1917,0,-9,-9,33,1920,2
3,11816,1920,0,-9,-9,1,-9,0
3,11861,1900,0,182,414,1,-9,0
3,11887,1914,0,-9,-9,1,-9,0
3,11926,1903,0,-9,-9,1,-9,0
3,11926,1917,0,-9,-9,33,1917,0
3,11957,1898,0,325,318,1,-9,0
3,12064,1904,0,-9,-9,1,-9,0
3,12286,1945,0,203,485,1,-9,0
3,12288,-9,0,-9,-9,1,-9,0
3,12288,1905,0,-9,-9,2,1919,2
3,12308,1901,0,-9,-9,1,-9,0
3,12388,1911,0,-9,-9,1,-9,0
3,12466,1896,0,-9,-9,1,-9,0
3,12584,-9,0,-9,-9,1,-9,0
3,12584,-9,0,-9,-9,10,-9,0
3,12609,1906,0,-9,-9,1,-9,0
3,12617,1903,0,-9,-9,2,1917,0
3,12617,1917,0,-9,-9,1,1918,0
3,12617,1917,0,-9,-9,9,1917,0
3,12617,1917,0,182,414,1,-9,0
3,12617,1920,0,203,485,1,-9,0
3,12637,1908,0,-9,-9,1,-9,0
3,12661,1903,0,-9,-9,2,1918,0
3,12661,1914,1,-9,-9,21,1918,2
3,12661,1918,0,-9,-9,1,-9,0
3,12661,1918,0,87,567,1,-9,0
3,12667,1903,0,-9,-9,1,-9,0
3,12667,1907,0,-9,-9,2,1917,0
3,12667,1928,0,-9,-9,1,-9,0
3,12685,1905,0,-9,-9,28,1918,0
3,12685,1905,0,23,52,1,-9,0
3,12687,-9,0,-9,-9,5,-9,0
3,12687,1920,0,29,-9,1,-9,0
3,12693,1904,0,182,414,1,-9,0
3,12701,-9,0,-9,-9,5,-9,0
3,12701,1920,0,-9,-9,1,-9,0
3,12726,1901,0,-9,-9,12,1903,0
3,12726,1903,0,79,434,1,-9,0
3,12729,1917,0,-9,-9,1,-9,0
3,12743,1895,0,-9,-9,26,-9,0
3,12743,1899,0,-9,-9,20,-9,0
3,12743,1903,0,-9,-9,1,-9,0
3,12749,1895,0,203,485,1,-9,0
3,12767,1890,0,-9,-9,1,1908,0
3,12767,1890,0,182,414,1,-9,0
3,12791,1903,0,-9,-9,1,-9,0
3,12914,1903,0,16,-9,1,-9,0
3,12940,1907,0,-9,-9,1,-9,0
3,13037,1904,0,-9,-9,2,-9,0
3,13037,1917,0,91,-9,1,-9,0
3,13543,-9,0,-9,-9,13,1903,0
3,13543,1901,0,-9,-9,14,-9,0
3,13543,1903,0,-9,-9,1,-9,0
3,13951,1905,0,-9,-9,1,-9,0
3,13951,1914,1,-9,-9,36,1917,2
3,14026,1901,0,-9,-9,12,1917,0
3,14026,1917,0,325,-9,1,-9,0
3,14056,1907,0,182,414,1,-9,0
3,14066,1908,0,179,-9,1,-9,0
3,14074,1917,0,182,414,1,-9,0
3,14150,1905,0,-9,-9,1,-9,0
3,14164,1913,0,49,134,1,-9,0
3,14168,1909,0,-9,-9,1,-9,0
3,14230,1906,0,-9,-9,1,-9,0
3,14240,1897,0,-9,-9,1,-9,0
3,14248,1904,0,-9,-9,1,-9,0
3,14250,1903,0,203,485,1,-9,0
3,14265,1940,0,-9,-9,1,-9,0
3,14340,1917,0,203,485,1,-9,0
3,14344,1899,0,-9,-9,1,-9,0
3,14366,1913,0,182,414,1,-9,0
3,14438,1904,0,-9,-9,1,-9,0
3,14461,1941,0,-9,-9,1,-9,0
3,14462,1912,0,-9,-9,1,-9,0
3,14463,1904,0,179,-9,1,-9,0
3,14468,1898,0,233,572,1,-9,0
3,14503,-9,0,-9,-9,1,-9,0
3,14503,-9,0,-9,-9,3,-9,0
3,14520,1907,0,-9,-9,1,-9,0
3,14550,1917,0,203,485,1,-9,0
3,14552,1905,0,-9,-9,1,-9,0
3,14613,-9,0,-9,-9,1,-9,0
3,14613,1880,0,-9,-9,4,-9,0
3,14614,1917,0,-9,-9,1,-9,0
3,14644,1901,0,-9,-9,1,-9,0
3,14715,-9,0,-9,-9,1,-9,0
3,14715,1907,1,-9,-9,25,1917,0
3,15056,1904,0,-9,-9,1,-9,0
3,15255,1916,0,-9,-9,1,-9,0
3,15869,-9,0,-9,-9,3,1889,0
3,15869,1889,0,-9,-9,11,1903,0
3,15869,1903,0,-9,-9,2,1917,0
3,15869,1917,0,-9,-9,31,1917,0
3,15869,1921,0,203,485,1,-9,0
3,17131,-9,0,-9,-9,1,-9,0
3,17131,1906,0,-9,-9,10,-9,0
3,17177,1945,0,313,770,1,-9,0
3,17601,1904,0,-9,-9,1,-9,0
3,17861,1907,0,-9,-9,1,-9,0
3,17931,1906,0,-9,-9,1,-9,0
3,18151,1905,0,-9,-9,1,-9,0
3,18535,1899,0,148,332,1,-9,0
3,18591,1918,0,-9,-9,1,-9,0
3,19895,1902,0,-9,-9,1,-9,0
3,20391,1907,0,-9,-9,1,-9,0
3,20729,1917,0,-9,-9,1,-9,0
3,20757,1903,0,-9,-9,1,-9,0
3,21525,1919,0,-9,-9,1,-9,0
3,21991,1904,0,223,545,1,-9,0
3,22359,1925,0,-9,-9,1,-9,0
3,22385,1893,0,182,414,1,-9,0
3,22993,1904,0,223,545,1,-9,0
3,23055,1902,0,87,567,1,-9,0
3,23481,1917,0,23,52,1,-9,0
3,23603,1905,0,-9,-9,1,-9,0
3,23629,1942,0,-9,-9,1,-9,0
3,24141,1912,0,-9,-9,1,-9,0
3,24189,1909,0,-9,-9,32,1916,0
3,24189,1917,0,182,414,1,-9,0
3,24431,1914,1,-9,-9,7,1917,0
3,24431,1918,0,-9,-9,1,-9,0
3,24583,1918,0,246,143,1,-9,0
3,24701,1912,0,203,485,1,-9,0
3,24859,1904,0,-9,-9,1,-9,0
3,25059,1904,0,-9,-9,2,1917,0
3,25059,1918,0,-9,-9,1,-9,0
3,25059,1918,0,-9,-9,1,1924,0
3,25069,1902,0,-9,-9,1,-9,0
3,25121,1918,0,-9,-9,1,-9,0
3,25163,1941,0,-9,-9,1,-9,0
3,25483,-9,0,-9,-9,24,1918,2
3,25483,1918,0,-9,-9,1,-9,0
3,25683,1905,0,293,213,1,-9,0
3,25821,1917,0,-9,-9,1,-9,0
3,26635,1927,0,93,883,1,-9,0
3,26677,1917,0,-9,-9,1,-9,0
3,27225,1917,0,-9,-9,1,-9,0
3,28453,1918,0,-9,-9,1,-9,0
3,28597,1917,0,-9,-9,1,-9,0
3,28945,1934,0,203,485,1,-9,0
3,29107,1904,0,-9,-9,1,-9,0
3,29267,1905,0,-9,-9,1,-9,0
3,29357,1927,0,203,485,1,-9,0
3,29489,1918,0,302,748,1,-9,0
3,29529,1918,0,203,485,1,-9,0
3,29633,1918,0,-9,-9,1,-9,0
3,29667,1927,0,-9,-9,1,-9,0
3,29823,-9,0,-9,-9,13,1904,0
3,29823,1904,0,179,626,1,-9,0
3,30813,1920,0,-9,-9,1,-9,0
3,30855,1898,0,-9,-9,1,-9,0
3,30877,1924,0,-9,-9,1,-9,0
3,31019,-9,0,-9,-9,1,-9,0
3,31019,1890,1,-9,-9,40,1900,2
3,31189,1920,0,-9,-9,1,-9,0
3,31614,1901,0,-9,-9,47,1908,2
3,31614,1908,0,-9,-9,48,1917,2
3,31614,1917,0,-9,-9,1,-9,0
3,31618,1910,0,-9,-9,1,-9,0
3,31640,1893,0,-9,-9,13,1903,0
3,31640,1903,0,-9,-9,1,-9,0
3,31640,1903,0,-9,-9,1,1914,0
3,31640,1914,0,-9,-9,2,1917,0
3,31640,1917,0,-9,-9,53,1919,0
3,31640,1920,0,-9,-9,1,-9,0
3,31668,1939,0,203,485,1,-9,0
3,31680,1912,0,-9,-9,5,1914,0
3,31680,1915,0,-9,-9,1,-9,0
3,31716,1928,0,-9,-9,1,-9,0
3,31752,1917,0,103,254,1,-9,0
3,31865,1904,0,-9,-9,1,-9,0
3,31966,1916,0,-9,-9,1,-9,0
3,32247,-9,0,-9,-9,20,-9,0
3,32247,-9,0,-9,-9,24,-9,0
3,32247,1919,0,-9,-9,1,-9,0
3,32561,1905,0,-9,-9,1,-9,0
3,32575,1902,0,-9,-9,1,-9,0
3,32583,1904,0,-9,-9,1,-9,0
3,32861,1904,0,86,-9,1,-9,0
3,32861,1906,2,-9,-9,55,1918,0
3,32861,1918,0,-9,-9,56,1944,0
3,32889,1906,0,-9,-9,26,1917,2
3,32889,1915,1,-9,-9,1,-9,0
3,32895,1892,0,-9,-9,17,1906,2
3,32895,1906,0,-9,-9,19,-9,0
3,32895,1918,0,-9,-9,1,-9,0
3,32901,1905,0,182,414,1,-9,0
3,32937,1904,0,203,485,1,-9,0
3,32955,1902,0,-9,-9,1,-9,0
3,33011,1920,0,-9,-9,1,-9,0
3,33721,1906,0,-9,-9,12,1913,0
3,33721,1913,0,-9,-9,9,1917,0
3,33721,1917,0,182,414,1,-9,0
3,34037,1908,0,-9,-9,1,-9,0
3,34289,1897,0,-9,-9,1,-9,0
3,34367,1917,0,-9,-9,1,-9,0
3,34445,1938,0,-9,-9,1,-9,0
3,34655,1919,0,285,-9,1,-9,0
3,34685,1917,0,23,386,1,-9,0
3,34771,1918,0,23,52,1,-9,0
3,34821,1919,0,-9,-9,1,-9,0
3,34905,1942,0,-9,-9,1,-9,0
3,34923,1903,0,243,378,1,-9,0
3,35185,1924,0,-9,-9,1,-9,0
3,35221,1936,0,203,485,1,-9,0
3,35279,1917,0,-9,-9,1,-9,0
3,35293,1918,0,325,-9,1,-9,0
3,35497,1891,0,-9,-9,4,1893,0
3,35497,1893,0,182,414,1,-9,0
3,35541,1918,0,-9,-9,23,1920,0
3,35541,1920,0,325,-9,1,-9,0
3,35699,1903,0,-9,-9,26,1917,0
3,35699,1917,0,182,414,1,-9,0
3,35723,1925,0,182,414,1,-9,0
3,36069,1891,2,-9,-9,1,1891,1
3,36069,1900,0,388,-9,1,-9,0
3,36105,1913,0,-9,-9,1,-9,0
3,36107,1929,0,182,414,1,-9,0
3,36265,1901,0,213,229,1,-9,0
3,36345,1907,0,-9,-9,1,-9,0
3,36345,1907,0,-9,-9,1,1928,0
3,36345,1928,2,-9,-9,1,1935,0
3,36359,1902,0,-9,-9,2,1917,0
3,36359,1917,0,182,414,1,-9,0
3,36377,1880,1,-9,-9,4,1893,0
3,36377,1893,0,114,272,1,-9,0
3,37959,1910,0,182,-9,1,-9,0
3,37985,1910,0,-9,-9,1,-9,0
3,40107,1917,0,-9,-9,1,-9,0
3,40121,1905,0,-9,-9,1,-9,0
3,40967,-9,0,-9,-9,1,-9,0
3,40967,1902,0,-9,-9,13,1912,0
3,40967,1912,0,-9,-9,2,1917,0
3,40967,1918,0,-9,-9,5,1919,0
3,40985,1905,0,77,189,1,-9,0
3,40985,1917,0,-9,-9,21,1917,0
3,41111,1917,0,313,770,1,-9,0
3,41137,1914,0,-9,-9,1,-9,0
3,41191,1902,0,293,213,1,-9,0
3,41299,1918,0,199,475,1,-9,0
3,41423,1905,0,-9,-9,24,1918,2
3,41423,1918,0,-9,-9,21,1919,0
3,41423,1919,0,203,485,1,-9,0
3,41773,1897,0,-9,-9,-9,1918,0
3,41773,1918,0,203,485,1,-9,0
3,42371,1906,0,-9,-9,1,-9,0
3,42397,1904,0,91,-9,1,-9,0
3,42593,1903,0,-9,-9,1,-9,0
3,42643,1913,0,-9,-9,1,-9,0
3,42709,1896,0,313,770,1,-9,0
3,42723,1905,0,-9,-9,1,-9,0
3,42777,1907,0,-9,-9,1,-9,0
3,42929,1905,0,-9,-9,1,-9,0
3,43159,1908,0,-9,-9,5,1917,0
3,43159,1917,0,-9,-9,7,1918,0
3,43159,1918,0,182,414,1,-9,0
3,43219,1901,0,264,655,1,-9,0
3,43459,1912,0,-9,-9,1,-9,0
3,43679,1917,0,-9,-9,1,-9,0
3,43971,1917,0,-9,-9,5,1919,0
3,43971,1919,0,367,-9,1,-9,0
3,44233,-9,0,-9,-9,1,-9,0
3,44297,1900,0,-9,-9,1,-9,0
3,44393,1903,0,-9,-9,1,-9,0
3,44645,1902,0,-9,-9,1,-9,0
3,44647,1917,0,-9,-9,1,-9,0
3,44673,1894,0,182,414,1,-9,0
3,44777,1907,0,182,414,1,-9,0
3,44957,1906,0,-9,-9,5,1917,0
3,44957,1917,0,-9,-9,7,1918,0
3,44957,1918,0,-9,-9,1,-9,0
3,44997,1944,0,133,-9,1,-9,0
3,45089,-9,0,-9,-9,5,1917,0
3,45089,1918,0,-9,-9,1,-9,0
3,45575,1904,0,-9,-9,1,-9,0
3,45647,1903,0,324,797,1,-9,0
3,45767,1900,1,-9,-9,24,1905,2
3,45767,1903,0,-9,-9,1,-9,0
3,45865,1912,0,-9,-9,1,-9,0
3,46125,1917,0,227,556,1,-9,0
3,46823,1904,0,-9,-9,1,-9,0
3,47027,1905,0,190,440,1,-9,0
3,48749,1900,0,-9,-9,1,-9,0
3,48749,1900,2,-9,-9,12,1900,1
3,49171,1945,0,-9,-9,1,-9,0
3,49205,1917,0,182,414,1,-9,0
3,49353,1917,0,-9,-9,1,-9,0
3,49353,1917,0,-9,-9,1,1923,0
3,49663,1903,0,-9,-9,1,-9,0
3,49759,1917,0,223,545,1,-9,0
3,50037,1902,0,-9,-9,1,-9,0
3,50579,1912,0,-9,-9,1,-9,0
3,50601,1905,0,-9,-9,24,1918,0
3,50601,1918,0,93,225,1,-9,0
3,50831,1906,0,-9,-9,1,-9,0
3,50899,1917,0,-9,-9,1,-9,0
3,51219,1908,0,-9,-9,1,-9,0
3,51307,-9,0,-9,-9,1,-9,0
3,51307,1905,0,-9,-9,49,1921,2
3,51387,1924,0,203,485,1,-9,0
3,51395,1905,0,-9,-9,1,-9,0
3,51429,1907,0,-9,-9,1,-9,0
3,51445,1909,0,-9,-9,1,-9,0
3,51475,1903,0,204,352,1,-9,0
3,51575,1917,0,342,846,1,-9,0
3,52189,1891,0,-9,-9,13,1903,0
3,52189,1903,0,325,-9,1,-9,0
3,52313,1903,0,-9,-9,1,-9,0
3,52371,1915,0,203,485,1,-9,0
3,53171,-9,0,-9,-9,6,1922,0
3,53171,1906,0,-9,-9,7,-9,0
3,53171,1917,0,-9,-9,25,1917,0
3,53171,1917,0,-9,-9,27,-9,0
3,53171,1918,0,-9,-9,50,-9,0
3,53171,1920,0,-9,-9,51,1920,0
3,60134,1930,0,-9,-9,1,-9,0
3,60170,1905,0,-9,-9,1,1914,0
3,60170,1918,0,203,485,1,-9,0
3,60280,1917,0,-9,-9,1,-9,0
3,60280,1917,0,23,52,1,-9,0
3,60316,-9,0,-9,-9,1,-9,0
3,60316,1901,0,-9,-9,2,1920,0
3,60318,1904,0,91,81,1,-9,0
3,60426,1917,0,203,485,1,-9,0
3,60442,1936,0,203,485,1,-9,0
3,60474,1919,0,-9,-9,1,-9,0
3,60494,1919,0,-9,-9,1,-9,0
3,60498,1929,0,253,742,1,-9,0
3,60504,1924,0,-9,-9,1,-9,0
3,60506,1911,0,-9,-9,1,-9,0
3,60526,1927,0,-9,-9,1,-9,0
3,60546,1919,0,-9,-9,1,-9,0
3,60648,1901,0,-9,-9,12,1903,0
3,60648,1903,0,-9,-9,1,-9,0
3,60650,1910,0,325,332,1,-9,0
3,60660,-9,0,-9,-9,1,-9,0
3,60660,1893,0,-9,-9,13,1902,2
3,60660,1902,2,-9,-9,12,1907,0
3,60660,1907,0,-9,-9,2,1920,0
3,60754,-9,0,-9,-9,1,-9,0
3,60754,-9,0,-9,-9,2,1931,2
3,60774,1908,0,-9,-9,1,1910,0
3,60774,1908,0,203,485,1,-9,0
3,60782,1918,0,-9,-9,1,-9,0
3,60786,1917,0,-9,-9,24,1918,0
3,60786,1919,0,-9,-9,1,-9,0
3,60830,1914,0,182,-9,1,-9,0
3,60938,1921,0,-9,-9,1,-9,0
3,60954,1920,0,-9,-9,1,-9,0
3,61038,1941,0,67,449,1,-9,0
3,61060,1919,2,-9,-9,1,-9,0
3,61066,1927,0,-9,-9,1,-9,0
3,61162,1898,0,-9,-9,12,1906,0
3,61162,1906,0,240,863,1,-9,0
3,61164,1913,0,-9,-9,1,-9,0
3,61512,1944,0,-9,-9,1,-9,0
3,61518,1918,0,-9,-9,1,-9,0
3,65104,1921,0,-9,-9,1,-9,0
3,65176,1926,0,-9,-9,1,-9,0
3,65210,1918,0,325,-9,1,-9,0
3,65224,1919,0,325,-9,1,-9,0
3,70064,1918,0,-9,-9,1,-9,0
3,70116,1928,0,325,332,1,-9,0
3,80018,1906,0,-9,-9,1,-9,0
3,80025,1901,0,-9,-9,1,-9,0
3,80031,-9,0,-9,-9,1,-9,0
3,80031,1903,2,-9,-9,2,1926,2
3,80032,-9,0,-9,-9,1,-9,0
3,80032,1905,0,-9,-9,21,1921,0
3,80041,1904,0,-9,-9,1,-9,0
3,80047,1898,0,-9,-9,1,-9,0
3,80057,1916,0,-9,-9,1,-9,0
3,80079,1901,0,388,-9,1,-9,0
3,80081,1905,0,474,-9,1,-9,0
3,80118,-9,0,-9,-9,1,-9,0
3,80118,1904,2,-9,-9,2,-9,0
3,80120,-9,0,-9,-9,1,-9,0
3,80120,1905,0,-9,-9,12,1910,0
3,80120,1910,0,-9,-9,2,1921,2
3,80135,-9,0,-9,-9,1,-9,0
3,80135,1903,0,-9,-9,44,1917,0
3,80135,1917,0,-9,-9,21,1921,2
3,80138,1901,0,5,64,1,-9,0
3,80139,-9,0,-9,-9,1,-9,0
3,80139,1903,0,-9,-9,2,1903,0
3,80142,1904,0,-9,-9,1,-9,0
3,80142,1904,0,-9,-9,1,1927,0
3,80149,-9,0,-9,-9,1,-9,0
3,80149,-9,0,-9,-9,2,-9,0
3,80161,1903,0,-9,-9,1,-9,0
14,1133,1919,0,-9,-9,1,-9,0
14,2817,1904,0,-9,-9,1,-9,0
14,3648,1919,0,-9,-9,1,-9,0
14,3658,1914,0,182,414,1,-9,0
14,4552,1920,0,-9,-9,1,-9,0
14,6543,1918,0,-9,-9,1,-9,0
14,7727,1907,0,-9,-9,1,-9,0
14,25085,1916,0,-9,-9,1,-9,0
14,35093,1918,0,-9,-9,1,-9,0
14,35171,1920,0,-9,-9,1,-9,0
14,35197,1920,0,-9,-9,1,-9,0
14,35205,1918,0,-9,-9,1,-9,0
14,35211,1926,0,302,748,1,-9,0
14,35337,1918,0,-9,-9,1,-9,0
14,35443,1926,0,-9,-9,1,-9,0
14,35465,1926,0,-9,-9,1,-9,0
14,36041,1932,0,-9,-9,1,-9,0
14,36045,1914,0,-9,-9,1,-9,0
14,50495,1928,0,-9,-9,1,-9,0
14,60274,1920,0,-9,-9,1,-9,0
14,60340,1929,0,-9,-9,1,-9,0
14,60354,1918,0,-9,-9,1,-9,0
14,60464,1928,0,-9,-9,1,-9,0
14,60516,1919,0,-9,-9,1,-9,0
14,60530,1929,0,-9,-9,1,-9,0
14,60590,1924,0,-9,-9,1,-9,0
14,60666,1930,0,-9,-9,1,-9,0
14,60856,1926,0,-9,-9,1,-9,0
14,60930,1928,0,-9,-9,1,-9,0
24,11361,1903,0,-9,-9,1,-9,0
28,412,1903,0,-9,-9,1,-9,0
28,501,1914,1,-9,-9,12,1917,0
28,501,1917,0,182,414,1,-9,0
28,515,1907,0,359,876,1,-9,0
28,658,1912,0,183,385,1,-9,0
28,705,1904,0,90,761,1,-9,0
28,724,1913,0,-9,-9,13,1917,0
28,724,1917,0,108,266,1,-9,0
28,1984,1904,0,203,485,1,-9,0
28,2017,1907,0,-9,-9,-9,1917,0
28,2017,1917,0,143,318,1,-9,0
28,2040,1903,0,-9,-9,2,1917,0
28,2040,1917,0,182,414,1,-9,0
28,2101,1901,0,-9,-9,1,-9,0
28,2111,1905,0,204,664,1,-9,0
28,2117,-9,0,-9,-9,28,1918,0
28,2117,1918,0,20,40,1,-9,0
28,2808,1903,0,-9,-9,1,-9,0
28,3144,1905,0,354,-9,1,-9,0
28,3169,1913,0,-9,-9,1,-9,0
28,3534,1917,0,148,332,1,-9,0
28,3546,1906,0,-9,-9,1,-9,0
28,3562,1917,0,203,485,1,-9,0
28,3666,1917,0,23,52,1,-9,0
28,3676,1913,0,239,-9,1,-9,0
28,3722,1917,0,-9,-9,28,1919,0
28,3722,1919,0,23,52,1,-9,0
28,3752,1906,0,-9,-9,1,-9,0
28,3770,1904,0,23,53,1,-9,0
28,4178,1904,0,223,545,1,-9,0
28,4411,1917,0,44,240,1,-9,0
28,5054,1906,0,-9,-9,-9,1913,0
28,5054,1913,0,182,414,1,-9,0
28,5217,1917,0,325,-9,1,-9,0
28,5331,1906,0,90,761,1,-9,0
28,5488,1917,0,291,735,1,-9,0
28,6093,1903,0,179,-9,1,-9,0
28,6094,1900,0,-9,-9,1,-9,0
28,6545,1916,0,90,761,1,-9,0
28,7226,1901,0,-9,-9,12,1903,0
28,7226,1910,1,-9,-9,2,1917,0
28,7226,1917,0,182,414,1,-9,0
28,7526,1917,0,182,858,1,-9,0
28,12603,1900,0,148,332,1,-9,0
28,12729,1917,0,-9,-9,1,-9,0
28,20757,1917,2,-9,-9,1,-9,0
28,23303,1904,0,23,53,1,-9,0
28,25453,1918,0,-9,-9,1,-9,0
28,25871,1917,0,225,551,1,-9,0
28,26863,1920,0,11,895,1,-9,0
28,27979,-9,0,-9,-9,1,-9,0
28,27979,1906,0,-9,-9,20,-9,0
28,28337,1906,0,182,414,1,-9,0
28,31908,1902,0,179,420,1,-9,0
28,31966,1916,0,135,310,1,-9,0
28,39067,1915,0,-9,-9,52,1918,0
28,39067,1918,0,285,585,1,-9,0
28,61154,1917,0,48,802,1,-9,0
28,61160,1905,0,-9,-9,1,-9,0
28,61504,1916,0,-9,-9,1,-9,0
28,65120,1904,0,203,485,1,-9,0
28,80022,1905,0,-9,-9,13,1917,2
28,80022,1917,2,-9,-9,1,-9,0
28,80049,1899,0,-9,-9,12,1903,0
28,80049,1903,0,-9,-9,2,1921,0
28,80049,1921,0,90,-9,1,-9,0
28,80057,1916,0,375,1147,1,-9,0
28,80081,1905,0,23,52,1,-9,0
28,80093,1918,0,18,413,1,-9,0
28,80094,1912,0,-9,-9,1,-9,0
28,80099,1919,0,-9,-9,1,-9,0
28,80107,1918,0,22,-9,1,-9,0
28,80108,1915,0,148,332,1,-9,0
28,80115,1917,0,-9,-9,14,1917,0
28,80115,1917,0,23,52,1,-9,0
28,80134,1917,0,1,-9,1,-9,0
28,80154,1913,0,203,485,1,-9,0
28,80161,1903,0,90,142,1,-9,0
34,97,1914,0,-9,-9,1,-9,0
34,122,1905,0,-9,-9,1,-9,0
34,126,-9,0,-9,-9,2,1918,0
34,126,1918,0,-9,-9,1,-9,0
34,145,1910,0,-9,-9,1,-9,0
34,159,1918,0,-9,-9,1,-9,0
34,221,1907,0,-9,-9,1,-9,0
34,283,1905,0,-9,-9,1,-9,0
34,357,1900,0,-9,-9,1,-9,0
34,395,1903,0,-9,-9,1,-9,0
34,402,1902,0,-9,-9,1,-9,0
34,412,1903,0,-9,-9,1,-9,0
34,1010,1909,0,-9,-9,1,-9,0
34,1227,1914,0,-9,-9,1,-9,0
34,1259,1930,0,-9,-9,1,-9,0
34,1262,1913,0,-9,-9,1,-9,0
34,1281,1904,0,-9,-9,12,1917,0
34,1281,1917,0,-9,-9,1,-9,0
34,1284,1903,0,-9,-9,1,-9,0
34,1318,1901,0,-9,-9,1,-9,0
34,1391,1898,0,-9,-9,1,-9,0
34,1428,1910,0,-9,-9,1,-9,0
34,1465,1909,0,-9,-9,1,-9,0
34,1484,1903,0,-9,-9,1,-9,0
34,1542,1907,0,-9,-9,1,-9,0
34,1583,1892,0,-9,-9,11,-9,0
34,1601,1915,0,-9,-9,1,-9,0
34,1624,1904,0,182,414,1,-9,0
34,1650,1904,0,-9,-9,1,-9,0
34,1683,1904,0,-9,-9,1,-9,0
34,1713,1912,0,-9,-9,1,-9,0
34,1739,1905,0,179,626,1,-9,0
34,1747,1909,0,-9,-9,1,-9,0
34,1767,1899,0,-9,-9,1,-9,0
34,1808,1893,0,-9,-9,1,-9,0
34,1808,1917,0,-9,-9,2,1920,0
34,1808,1920,0,203,485,1,-9,0
34,1830,1907,0,-9,-9,1,-9,0
34,1842,1913,0,-9,-9,1,-9,0
34,1879,1895,0,-9,-9,1,-9,0
34,1911,1915,0,261,651,1,-9,0
34,1921,1905,0,-9,-9,1,-9,0
34,1995,1902,0,-9,-9,1,-9,0
34,2011,1901,0,-9,-9,1,-9,0
34,2029,1915,0,-9,-9,1,-9,0
34,2343,1919,0,-9,-9,1,-9,0
34,2360,1905,0,-9,-9,1,-9,0
34,2960,1905,0,-9,-9,1,-9,0
34,3135,1895,0,-9,-9,1,-9,0
34,3135,1895,0,-9,-9,11,-9,0
34,3164,1899,0,-9,-9,11,1899,1
34,3164,1899,0,-9,-9,1,-9,0
34,3534,1917,0,148,332,1,-9,0
34,3591,1913,0,-9,-9,1,-9,0
34,3655,1913,0,-9,-9,1,-9,0
34,3683,1909,0,-9,-9,1,-9,0
34,3738,1905,0,-9,-9,1,-9,0
34,3752,1906,0,-9,-9,1,-9,0
34,3812,1912,0,-9,-9,1,-9,0
34,3821,1903,0,-9,-9,1,-9,0
34,3851,1912,0,-9,-9,1,-9,0
34,4099,1908,0,-9,-9,1,-9,0
34,4699,1904,0,-9,-9,1,-9,0
34,4815,1903,0,-9,-9,1,-9,0
34,5187,1897,0,-9,-9,1,-9,0
34,5906,1898,0,-9,-9,12,1903,0
34,5906,1903,0,-9,-9,1,-9,0
34,6059,1904,0,-9,-9,1,-9,0
34,6097,-9,0,-9,-9,1,-9,0
34,6097,1902,0,-9,-9,20,-9,0
34,6192,1903,0,-9,-9,1,-9,0
34,6242,1898,0,-9,-9,1,-9,0
34,6338,1904,0,-9,-9,1,-9,0
34,7001,1910,0,-9,-9,1,-9,0
34,7193,-9,0,-9,-9,9,1917,0
34,7193,1917,0,182,414,1,-9,0
34,7226,1903,0,-9,-9,2,1917,0
34,7226,1917,0,-9,-9,1,-9,0
34,7409,1900,0,-9,-9,1,-9,0
34,7602,1917,0,-9,-9,1,-9,0
34,7838,1916,0,-9,-9,1,-9,0
34,7988,1905,0,203,485,1,-9,0
34,8505,1907,0,-9,-9,1,-9,0
34,8836,1907,0,-9,-9,1,-9,0
34,9941,1907,0,-9,-9,1,-9,0
34,10077,1903,0,-9,-9,1,-9,0
34,10089,1907,0,-9,-9,1,-9,0
34,10093,1907,0,-9,-9,1,-9,0
34,10097,1901,0,-9,-9,1,-9,0
34,10098,1911,0,-9,-9,1,-9,0
34,10099,1902,0,-9,-9,1,-9,0
34,10168,1903,0,-9,-9,1,-9,0
34,10788,-9,0,-9,-9,1,-9,0
34,10788,1904,0,-9,-9,20,-9,0
34,11957,1898,0,-9,-9,1,-9,0
34,12584,-9,0,-9,-9,1,-9,0
34,12584,-9,0,-9,-9,10,-9,0
34,12609,1906,0,-9,-9,1,-9,0
34,12749,1895,0,-9,-9,11,-9,0
34,12749,1903,0,-9,-9,1,-9,0
34,13951,1905,0,-9,-9,1,-9,0
34,14138,-9,0,-9,-9,5,1904,0
34,14138,1917,0,-9,-9,1,-9,0
34,14534,1898,0,-9,-9,1,-9,0
34,18535,1899,0,-9,-9,1,-9,0
34,22065,1917,0,-9,-9,1,-9,0
34,22287,-9,0,-9,-9,7,1917,0
34,22287,1917,0,183,385,1,-9,0
34,24827,-9,0,-9,-9,22,-9,0
34,24827,1906,0,-9,-9,1,-9,0
34,25757,-9,0,-9,-9,1,-9,0
34,25757,1906,0,-9,-9,20,-9,0
34,26827,1915,0,-9,-9,1,-9,0
34,32895,1904,0,-9,-9,19,1918,0
34,32895,1918,0,143,318,1,-9,0
34,32937,1904,0,-9,-9,1,-9,0
34,35699,1905,0,-9,-9,1,-9,0
34,43001,1917,0,302,748,1,-9,0
34,44243,1903,0,-9,-9,1,-9,0
34,44517,1919,0,-9,-9,1,-9,0
34,45865,1912,0,-9,-9,1,-9,0
34,49663,1904,0,-9,-9,1,-9,0
34,52189,-9,0,-9,-9,1,-9,0
34,52189,1891,0,-9,-9,11,-9,0
34,60240,1907,0,-9,-9,12,1920,0
34,60240,1920,0,182,414,1,-9,0
38,904,-9,0,-9,-9,12,-9,0
38,904,1904,0,-9,-9,1,-9,0
38,958,1903,0,-9,-9,1,-9,0
38,1246,1911,0,-9,-9,1,-9,0
38,1262,1913,0,-9,-9,1,-9,0
38,1583,1892,0,-9,-9,11,-9,0
38,1624,1904,0,-9,-9,1,-9,0
38,1683,1904,0,-9,-9,1,-9,0
38,1731,1900,0,-9,-9,11,1903,0
38,1731,1917,0,-9,-9,1,-9,0
38,1739,1905,0,-9,-9,1,-9,0
38,1821,1910,0,-9,-9,1,-9,0
38,1825,1898,0,-9,-9,1,-9,0
38,1853,1903,0,-9,-9,1,-9,0
38,3459,1904,0,-9,-9,1,-9,0
38,3459,1917,0,-9,-9,1,-9,0
38,3614,1902,0,264,655,1,-9,0
38,3680,1901,0,-9,-9,2,1912,0
38,3680,1909,0,-9,-9,1,-9,0
38,3680,1917,0,-9,-9,2,1919,0
38,3680,1920,0,-9,-9,1,-9,0
38,3684,1895,0,-9,-9,1,-9,0
38,6363,1904,0,-9,-9,1,-9,0
38,7168,1915,0,-9,-9,1,-9,0
38,9862,1914,0,-9,-9,1,-9,0
38,10089,1917,0,-9,-9,1,-9,0
38,12743,-9,0,-9,-9,1,-9,0
38,12743,1895,0,-9,-9,12,-9,0
38,14046,1912,0,-9,-9,1,-9,0
38,14066,1908,0,-9,-9,1,-9,0
38,14074,-9,0,-9,-9,12,-9,0
38,14074,1917,0,-9,-9,1,-9,0
38,14088,1917,0,-9,-9,1,-9,0
38,14106,1903,0,-9,-9,1,-9,0
38,14110,1911,0,-9,-9,1,-9,0
38,14168,1909,0,-9,-9,1,-9,0
38,14188,1915,0,-9,-9,1,-9,0
38,14216,1905,0,-9,-9,1,-9,0
38,14256,1901,0,-9,-9,-9,-9,0
38,14462,1912,0,-9,-9,1,-9,0
38,14468,-9,0,-9,-9,11,-9,0
38,14468,1898,0,-9,-9,1,-9,0
38,14492,1903,0,-9,-9,1,-9,0
38,41441,1915,0,-9,-9,1,-9,0
38,44243,1903,0,-9,-9,1,-9,0
38,53147,1915,0,-9,-9,1,-9,0
38,53149,1915,0,-9,-9,-9,-9,0
41,2833,1916,0,-9,-9,2,1918,0
41,2833,1918,0,-9,-9,1,-9,0
41,5581,1918,0,-9,-9,1,-9,0
41,7024,1904,0,-9,-9,1,-9,0
52,143,1902,0,-9,-9,1,-9,0
52,2011,1885,0,-9,-9,4,-9,0
52,2011,1901,0,-9,-9,1,-9,0
52,2023,1915,0,-9,-9,1,-9,0
52,2085,1914,0,-9,-9,1,-9,0
52,2101,1901,0,182,414,1,-9,0
52,2453,1905,2,-9,-9,1,-9,0
52,2691,1904,0,-9,-9,22,1905,0
52,2691,1905,0,179,626,1,-9,0
52,2867,1912,0,-9,-9,1,-9,0
52,3667,1906,0,182,414,1,-9,0
52,3684,1894,0,-9,-9,11,-9,0
52,3684,1898,0,204,485,1,-9,0
52,4619,1906,0,182,414,1,-9,0
52,5532,1905,0,-9,-9,1,-9,0
52,5533,1893,0,203,485,1,-9,0
52,5590,1908,0,203,485,1,-9,0
52,7082,1904,0,108,-9,1,-9,0
52,7082,1904,0,108,266,1,-9,0
52,7436,1915,0,-9,-9,1,-9,0
52,8670,1914,0,203,485,1,-9,0
52,10199,1905,0,203,485,1,-9,0
52,11923,1905,0,-9,-9,1,-9,0
52,14280,1905,0,-9,-9,12,1912,2
52,14280,1912,2,-9,-9,1,-9,0
52,14344,1897,0,-9,-9,1,-9,0
52,14456,1915,0,203,485,1,-9,0
52,14574,1905,0,203,485,1,-9,0
52,16839,1905,0,182,414,1,-9,0
52,28341,1907,0,318,787,1,-9,0
52,29079,1911,2,-9,-9,1,-9,0
52,29721,1903,0,-9,-9,1,-9,0
52,32891,1903,2,-9,-9,20,1917,1
52,32891,1917,0,-9,-9,1,-9,0
52,32891,1918,0,-9,-9,37,1937,2
52,32933,1913,0,203,485,1,-9,0
52,38999,1914,0,-9,-9,1,-9,0
52,40101,1907,0,203,-9,1,-9,0
52,44233,1907,0,203,485,1,-9,0
52,44673,1894,0,-9,-9,11,1894,1
52,44673,1903,0,203,485,1,-9,0
52,49147,1912,0,122,286,1,-9,0
53,2746,1903,0,114,272,1,-9,0
59,418,1906,0,203,485,1,-9,0
61,16,1916,0,-9,-9,21,1916,0
61,16,1918,0,-9,-9,1,-9,0
61,41,1921,0,-9,-9,1,-9,0
61,97,1916,0,182,500,1,-9,0
61,189,1907,1,-9,-9,1,-9,0
61,402,1904,0,-9,-9,1,-9,0
61,412,1903,0,203,485,1,-9,0
61,501,1917,0,182,414,1,-9,0
61,507,-9,0,-9,-9,1,-9,0
61,507,1905,0,-9,-9,12,-9,0
61,705,-9,0,-9,-9,1,-9,0
61,705,1904,0,-9,-9,12,-9,0
61,840,1898,0,-9,-9,1,-9,0
61,1088,1913,0,182,414,1,-9,0
61,1115,-9,0,-9,-9,1,-9,0
61,1115,1898,0,-9,-9,12,-9,0
61,1331,-9,0,-9,-9,12,-9,0
61,1331,1917,0,203,485,1,-9,0
61,1345,1889,0,-9,-9,11,-9,0
61,1345,1919,0,-9,-9,1,-9,0
61,1358,-9,0,-9,-9,1,-9,0
61,1358,1919,0,-9,-9,30,-9,0
61,1542,1907,0,-9,-9,1,-9,0
61,1683,1904,0,203,485,1,-9,0
61,1713,1912,0,-9,-9,1,-9,0
61,1808,1892,0,-9,-9,11,-9,0
61,1808,1903,0,-9,-9,1,-9,0
61,1936,-9,0,-9,-9,1,-9,0
61,1995,1902,0,-9,-9,2,1905,0
61,1995,1905,0,223,545,1,-9,0
61,2011,1891,0,-9,-9,4,1894,0
61,2011,1901,0,27,-9,1,-9,0
61,2029,1915,0,-9,-9,1,-9,0
61,2039,1910,0,182,414,1,-9,0
61,2071,1892,0,-9,-9,11,-9,0
61,2071,1903,0,-9,-9,1,-9,0
61,2084,1906,0,336,527,1,-9,0
61,2255,1903,0,-9,-9,1,-9,0
61,2256,1903,0,-9,-9,1,-9,0
61,2416,1905,0,-9,-9,8,1907,0
61,2416,1910,0,182,414,1,-9,0
61,2453,1905,0,203,485,1,-9,0
61,2597,1910,0,182,414,1,-9,0
61,2691,1905,0,179,626,1,-9,0
61,2710,1902,0,264,655,1,-9,0
61,2808,1903,0,-9,-9,1,-9,0
61,2915,1905,0,182,414,1,-9,0
61,2990,1903,0,-9,-9,2,-9,0
61,2990,1922,0,203,485,1,-9,0
61,2996,1897,0,-9,-9,1,-9,0
61,3007,1898,0,-9,-9,12,1903,0
61,3007,1903,0,-9,-9,1,-9,0
61,3012,-9,0,-9,-9,1,-9,0
61,3012,1897,0,-9,-9,11,-9,0
61,3091,1898,0,-9,-9,12,1903,0
61,3091,1903,0,5,64,1,-9,0
61,3100,1903,0,-9,-9,1,-9,0
61,3135,1903,0,-9,-9,1,-9,0
61,3323,-9,0,-9,-9,1,-9,0
61,3323,1900,0,-9,-9,20,-9,0
61,3350,-9,0,-9,-9,1,-9,0
61,3350,1898,0,-9,-9,24,-9,0
61,3653,1903,0,91,251,1,-9,0
61,5187,1897,0,-9,-9,12,-9,0
61,5187,1903,0,349,854,1,-9,0
61,6273,1903,0,204,593,1,-9,0
61,6333,1898,0,324,797,1,-9,0
61,6516,1898,0,-9,-9,1,-9,0
61,7104,1906,0,-9,-9,6,1917,0
61,7104,1920,0,203,485,1,-9,0
61,7105,1905,0,-9,-9,32,1917,0
61,7105,1917,0,-9,-9,1,-9,0
61,7110,1904,0,342,175,1,-9,0
61,7110,1913,0,-9,-9,9,1915,0
61,7168,1915,0,-9,-9,1,-9,0
61,7191,1903,0,-9,-9,2,1904,0
61,7191,1909,0,-9,-9,2,-9,0
61,7191,1917,0,-9,-9,1,-9,0
61,7191,1917,0,-9,-9,21,1917,0
61,7286,1918,0,-9,-9,1,-9,0
61,7325,1903,0,103,254,1,-9,0
61,7455,1917,0,164,378,1,-9,0
61,8678,1908,0,27,422,1,-9,0
61,9207,1904,0,227,556,1,-9,0
61,9941,1907,0,203,874,1,-9,0
61,12661,-9,0,-9,-9,1,-9,0
61,12661,1902,0,-9,-9,2,-9,0
61,12685,-9,0,-9,-9,28,1917,0
61,12685,1917,0,22,52,1,-9,0
61,12693,1904,0,-9,-9,1,-9,0
61,12693,1904,0,-9,-9,12,1904,0
61,12726,1903,0,293,82,1,-9,0
61,12740,1898,0,-9,-9,1,-9,0
61,12742,-9,0,-9,-9,1,-9,0
61,12742,1902,0,-9,-9,20,-9,0
61,12914,-9,0,-9,-9,1,-9,0
61,12914,1901,0,-9,-9,12,-9,0
61,13543,1903,0,-9,-9,1,-9,0
61,13543,1914,0,-9,-9,1,-9,0
61,13951,1905,0,-9,-9,1,-9,0
61,14430,-9,0,-9,-9,1,-9,0
61,14430,1900,0,-9,-9,12,-9,0
61,14534,-9,0,-9,-9,12,1903,0
61,14534,1902,0,-9,-9,1,-9,0
61,15869,-9,0,-9,-9,2,1907,0
61,15869,1907,0,-9,-9,1,-9,0
61,15869,1914,0,-9,-9,31,1917,2
61,15869,1917,0,-9,-9,1,-9,0
61,20343,1913,0,-9,-9,1,-9,0
61,27487,1903,0,-9,-9,1,-9,0
61,36211,1903,0,-9,-9,1,-9,0
61,44233,1907,0,-9,-9,1,-9,0
61,44243,1903,0,189,-9,1,-9,0
61,48749,1903,0,-9,-9,1,-9,0
61,49205,1908,0,25,61,1,-9,0
62,9956,1902,0,-9,-9,1,-9,0
62,12743,-9,0,-9,-9,1,-9,0
62,12743,1895,0,-9,-9,26,-9,0
62,16839,1905,0,-9,-9,1,-9,0
62,48749,1903,0,-9,-9,1,-9,0
63,1541,1909,0,-9,-9,1,-9,0
63,7237,1904,0,-9,-9,1,-9,0
63,14288,1903,0,-9,-9,1,-9,0
63,21753,1917,0,-9,-9,1,-9,0
63,24701,1912,0,203,485,1,-9,0
63,28341,1907,0,-9,-9,1,-9,0
63,31603,1919,0,919,-9,1,-9,0
63,40107,1917,0,-9,-9,1,-9,0
63,42443,1917,0,-9,-9,1,-9,0
63,60178,1917,0,-9,-9,1,-9,0
63,70372,1915,0,203,485,1,-9,0
64,357,1900,0,-9,-9,1,-9,0
64,717,1898,0,-9,-9,1,-9,0
64,868,1896,0,-9,-9,1,-9,0
64,958,1903,0,-9,-9,1,-9,0
64,1193,1906,0,-9,-9,1,-9,0
64,1879,1903,0,-9,-9,1,-9,0
64,1879,1909,0,-9,-9,53,1910,0
64,1879,1914,1,-9,-9,21,1914,1
64,2097,1911,0,-9,-9,1,-9,0
64,2472,1912,0,-9,-9,1,-9,0
64,3546,1906,0,-9,-9,1,-9,0
64,3614,1902,0,-9,-9,12,1907,0
64,3614,1907,0,-9,-9,1,-9,0
64,3700,1914,0,-9,-9,1,-9,0
64,3772,1903,0,-9,-9,1,-9,0
64,3772,1917,0,-9,-9,9,1917,0
64,3778,1902,0,-9,-9,1,-9,0
64,5201,1905,0,-9,-9,1,-9,0
64,5328,1901,0,-9,-9,1,-9,0
64,5470,1916,0,-9,-9,1,-9,0
64,5906,1903,0,-9,-9,1,-9,0
64,6075,1905,0,-9,-9,1,-9,0
64,6098,1905,0,-9,-9,1,-9,0
64,6426,1916,0,-9,-9,1,-9,0
64,6559,1917,0,-9,-9,1,-9,0
64,7081,1907,0,-9,-9,24,1909,0
64,7081,1909,1,-9,-9,1,-9,0
64,7081,1917,0,-9,-9,9,1917,0
64,8195,1906,0,-9,-9,1,-9,0
64,8365,1917,0,-9,-9,1,-9,0
64,9202,1908,0,-9,-9,1,-9,0
64,9639,1903,0,-9,-9,1,-9,0
64,10023,1907,0,-9,-9,1,-9,0
64,10077,1903,0,-9,-9,1,-9,0
64,10089,1905,0,-9,-9,34,1907,0
64,10089,1907,0,-9,-9,1,-9,0
64,11046,1903,0,-9,-9,1,-9,0
64,11923,1905,0,-9,-9,1,-9,0
64,12737,1909,0,-9,-9,1,-9,0
64,14164,1914,0,-9,-9,1,-9,0
64,14230,1906,0,-9,-9,1,-9,0
64,14280,1905,0,-9,-9,1,-9,0
64,14288,1903,0,-9,-9,1,-9,0
64,14296,1908,0,-9,-9,1,-9,0
64,14308,1896,0,-9,-9,1,-9,0
64,14314,1914,0,-9,-9,1,-9,0
64,14430,1901,0,-9,-9,1,-9,0
64,14438,1904,0,-9,-9,1,-9,0
64,14528,1903,0,-9,-9,1,-9,0
64,14532,1912,0,-9,-9,1,-9,0
64,14644,1901,0,-9,-9,12,1905,0
64,14644,1905,0,-9,-9,1,-9,0
64,15255,1916,0,-9,-9,1,-9,0
64,17131,-9,0,-9,-9,1,-9,0
64,17131,1906,0,-9,-9,10,-9,0
64,18535,1899,0,-9,-9,1,-9,0
64,19339,1903,0,-9,-9,1,-9,0
64,24827,1906,0,-9,-9,1,-9,0
64,34281,1917,0,-9,-9,1,-9,0
64,44243,1903,0,-9,-9,1,-9,0
64,53167,1912,0,-9,-9,1,-9,0
67,97,1914,0,182,414,1,-9,0
67,145,1910,0,182,414,1,-9,0
67,777,1929,0,-9,-9,1,-9,0
67,1240,1911,0,148,332,1,-9,0
67,1574,1918,0,-9,-9,1,-9,0
67,1880,1905,0,23,52,1,-9,0
67,2835,1925,0,-9,-9,1,-9,0
67,3148,1905,0,396,-9,1,-9,0
67,3612,1914,0,-9,-9,1,-9,0
67,3664,1916,0,-9,-9,1,-9,0
67,3665,1905,0,-9,-9,1,-9,0
67,3667,1906,0,-9,-9,1,-9,0
67,3668,1912,0,-9,-9,1,-9,0
67,3670,1918,0,-9,-9,1,-9,0
67,3671,1913,0,-9,-9,1,-9,0
67,3672,1915,0,-9,-9,1,-9,0
67,3677,1917,0,-9,-9,1,-9,0
67,3687,1912,0,-9,-9,1,-9,0
67,3702,1906,0,-9,-9,1,-9,0
67,3761,1905,0,-9,-9,1,-9,0
67,3796,1912,0,67,269,1,-9,0
67,3836,1910,0,-9,-9,1,-9,0
67,3999,1917,0,-9,-9,1,-9,0
67,4094,1912,0,-9,-9,1,-9,0
67,4267,1917,0,-9,-9,1,-9,0
67,4688,1918,0,-9,-9,1,-9,0
67,4846,1917,0,-9,-9,1,-9,0
67,5240,1918,0,-9,-9,1,-9,0
67,5352,1916,0,-9,-9,1,-9,0
67,5373,1925,0,-9,-9,1,-9,0
67,6032,1909,0,-9,-9,1,-9,0
67,6519,1907,0,-9,-9,1,-9,0
67,6588,1913,0,-9,-9,1,-9,0
67,6593,1914,0,-9,-9,1,-9,0
67,6596,1906,0,-9,-9,1,-9,0
67,6599,1917,0,-9,-9,1,-9,0
67,7025,1917,0,-9,-9,1,-9,0
67,11895,1915,0,-9,-9,1,-9,0
67,11991,1920,0,-9,-9,1,-9,0
67,12063,-9,0,-9,-9,2,-9,0
67,12063,1914,0,-9,-9,1,-9,0
67,31603,1919,0,204,-9,1,-9,0
67,32959,1917,0,-9,-9,1,-9,0
67,36433,1929,0,-9,-9,1,-9,0
67,36459,1919,0,-9,-9,1,-9,0
67,39359,1918,0,49,-9,1,-9,0
67,39461,1905,0,-9,-9,1,-9,0
67,39497,1915,0,396,-9,1,-9,0
67,42443,1917,0,-9,-9,1,-9,0
67,44243,1903,0,190,440,1,-9,0
67,44517,1918,0,-9,-9,1,-9,0
67,44647,1898,0,-9,-9,1,-9,0
67,44779,1917,0,-9,-9,1,-9,0
67,47027,1905,0,-9,-9,1,-9,0
67,60178,1926,0,303,-9,1,-9,0
67,61510,1920,0,-9,-9,1,-9,0
67,70146,1930,0,-9,-9,1,-9,0
67,70348,1919,0,-9,-9,1,-9,0
68,31724,1917,0,182,577,1,-9,0
71,60374,1931,0,-9,-9,1,-9,0
71,80128,1948,0,90,-9,1,-9,0
101,412,1903,0,-9,-9,1,-9,0
101,2040,1903,0,-9,-9,2,-9,0
101,2040,1910,0,-9,-9,1,-9,0
101,3758,1903,0,-9,-9,1,-9,0
101,3762,1904,0,-9,-9,1,-9,0
101,10093,1907,0,329,-9,1,-9,0
101,14430,1901,0,-9,-9,1,-9,0
102,501,1917,0,182,414,1,-9,0
102,515,1907,0,-9,-9,1,-9,0
102,658,1912,0,-9,-9,1,-9,0
102,717,1898,0,23,52,1,-9,0
102,866,1916,0,148,332,1,-9,0
102,868,1896,0,-9,-9,20,1917,0
102,868,1903,0,-9,-9,1,-9,0
102,872,1903,0,-9,-9,9,1917,0
102,872,1917,0,182,414,1,-9,0
102,881,1902,0,179,-9,1,-9,0
102,958,1903,0,-9,-9,1,-9,0
102,2006,1902,0,-9,-9,1,-9,0
102,2023,1915,0,-9,-9,1,-9,0
102,2101,1901,0,-9,-9,1,-9,0
102,2111,1905,0,-9,-9,1,-9,0
102,2117,1918,0,-9,-9,1,-9,0
102,2925,1899,0,182,414,1,-9,0
102,2990,1903,0,-9,-9,2,1917,0
102,2990,1922,0,87,-9,1,-9,0
102,3012,1896,0,-9,-9,1,-9,0
102,3051,1915,0,-9,-9,1,-9,0
102,3676,1913,0,-9,-9,1,-9,0
102,3756,1891,0,-9,-9,12,1903,0
102,3756,1903,0,-9,-9,1,-9,0
102,3809,1914,0,-9,-9,1,-9,0
102,4178,1904,0,-9,-9,1,-9,0
102,5137,1904,0,-9,-9,1,-9,0
102,5488,1917,0,291,-9,1,-9,0
102,5533,1893,0,203,485,1,-9,0
102,5642,1903,0,-9,-9,1,-9,0
102,5951,1893,0,-9,-9,11,-9,0
102,5951,1903,0,-9,-9,1,-9,0
102,6094,1900,0,-9,-9,1,-9,0
102,6363,1904,0,-9,-9,1,-9,0
102,6516,1898,0,182,414,1,-9,0
102,7024,1896,0,318,787,1,-9,0
102,7067,1904,0,-9,-9,1,-9,0
102,9436,1903,0,-9,-9,1,-9,0
102,12046,1911,0,-9,-9,1,-9,0
102,12298,1904,0,-9,-9,1,-9,0
102,12760,1919,0,-9,-9,1,-9,0
102,14801,1896,0,-9,-9,12,-9,0
102,14801,1903,0,-9,-9,1,-9,0
102,19615,1901,0,-9,-9,1,-9,0
102,20343,1913,0,148,332,1,-9,0
102,30229,-9,0,-9,-9,1,-9,0
102,48979,1917,0,182,414,1,-9,0
103,2084,1906,0,-9,-9,1,-9,0
103,5906,1898,0,-9,-9,1,-9,0
103,13543,1903,0,-9,-9,12,1914,0
103,13543,1914,0,215,-9,1,-9,0
104,119,1912,0,-9,-9,1,-9,0
104,2049,1903,0,-9,-9,1,-9,0
104,9691,-9,0,-9,-9,1,-9,0
104,9691,1911,0,-9,-9,12,-9,0
104,10053,1902,0,-9,-9,1,-9,0
104,14010,1900,0,-9,-9,1,-9,0
104,14664,1917,0,-9,-9,1,-9,0
104,43199,-9,0,-9,-9,1,-9,0
104,43199,1912,0,-9,-9,12,-9,0
105,3684,1894,0,-9,-9,11,-9,0
105,3684,1898,0,204,485,1,-9,0
107,507,1905,0,-9,-9,2,1917,0
107,507,1918,0,203,485,1,-9,0
108,2746,1903,0,-9,-9,1,-9,0
108,2901,1906,0,203,485,1,-9,0
108,2915,1905,0,-9,-9,1,-9,0
108,2996,1897,0,-9,-9,1,-9,0
108,10437,1905,0,-9,-9,1,-9,0
110,2775,1897,0,182,414,1,-9,0
110,3008,1898,0,-9,-9,1,-9,0
110,3087,1909,0,-9,-9,1,-9,0
110,3169,1913,0,182,414,1,-9,0
110,3673,1905,0,163,374,1,-9,0
110,3807,1917,0,-9,-9,1,-9,0
110,8674,1899,0,-9,-9,1,-9,0
110,19715,1912,0,-9,-9,1,-9,0
110,36211,1904,0,-9,-9,1,-9,0
110,42229,1905,0,203,485,1,-9,0
110,43429,1910,0,-9,-9,1,-9,0
111,84,1916,0,-9,-9,1,-9,0
111,402,1902,0,-9,-9,1,-9,0
111,717,1898,0,23,52,1,-9,0
111,866,1916,0,148,332,1,-9,0
111,957,1918,0,39,541,1,-9,0
111,958,1903,0,-9,-9,1,-9,0
111,1262,1913,0,-9,-9,1,-9,0
111,1281,1913,0,-9,-9,9,-9,0
111,1281,1917,0,182,414,1,-9,0
111,1318,1901,0,203,485,1,-9,0
111,1391,1898,0,114,272,1,-9,0
111,1413,1912,0,-9,-9,1,-9,0
111,1428,-9,0,-9,-9,22,-9,0
111,1428,1910,0,179,-9,1,-9,0
111,1534,1919,0,-9,-9,1,-9,0
111,1542,1907,0,67,165,1,-9,0
111,1601,1915,0,-9,-9,1,-9,0
111,1624,1904,0,-9,-9,1,-9,0
111,1640,1898,0,-9,-9,1,-9,0
111,1713,1912,0,-9,-9,1,-9,0
111,1739,1905,0,179,626,1,-9,0
111,1747,-9,0,-9,-9,22,1917,0
111,1747,1899,0,-9,-9,1,-9,0
111,1853,1903,0,264,655,1,-9,0
111,2255,1903,0,105,258,1,-9,0
111,2386,1904,0,179,420,1,-9,0
111,2417,1898,0,-9,-9,1,-9,0
111,2472,1912,0,-9,-9,1,-9,0
111,2507,1904,0,114,272,1,-9,0
111,2570,1904,0,-9,-9,2,1912,0
111,2570,1912,0,-9,-9,1,-9,0
111,2691,1905,0,179,626,1,-9,0
111,3193,1903,0,23,52,1,-9,0
111,3656,1905,0,-9,-9,1,-9,0
111,3656,1905,0,-9,-9,22,-9,0
111,3661,1913,0,93,597,1,-9,0
111,3700,1914,0,-9,-9,1,-9,0
111,3809,1914,0,285,718,1,-9,0
111,4815,1903,0,186,841,1,-9,0
111,6137,1918,0,-9,-9,1,-9,0
111,7001,1910,0,-9,-9,1,-9,0
111,7270,1904,0,-9,-9,7,1918,0
111,7270,1918,0,-9,-9,1,-9,0
111,7408,1917,0,-9,-9,1,-9,0
111,9941,1907,0,-9,-9,1,-9,0
111,10160,1904,0,-9,-9,1,-9,0
111,10168,1903,0,-9,-9,1,-9,0
111,22065,1917,0,182,414,1,-9,0
111,26069,1917,0,234,294,1,-9,0
111,26827,1915,0,182,898,1,-9,0
111,28533,1903,0,-9,-9,1,-9,0
111,34281,1907,0,-9,-9,1,-9,0
111,35699,1905,0,309,761,1,-9,0
111,41441,1915,0,-9,-9,1,-9,0
111,44923,1903,0,5,64,1,-9,0
112,3459,1904,0,-9,-9,1,-9,0
112,3550,1896,0,-9,-9,11,-9,0
112,3550,1903,0,148,332,1,-9,0
115,1541,1908,0,-9,-9,1,-9,0
116,2497,1906,0,-9,-9,2,1919,0
116,2497,1919,0,143,318,1,-9,0
116,3135,-9,0,-9,-9,22,-9,0
116,3135,1903,0,179,-9,1,-9,0
116,3832,1903,0,-9,-9,2,1920,0
116,3832,1920,0,-9,-9,1,-9,0
116,6018,1917,0,204,820,1,-9,0
116,7191,1917,0,-9,-9,9,1917,0
116,7191,1917,0,182,414,1,-9,0
116,7325,1895,0,203,485,1,-9,0
116,12726,1903,0,79,434,1,-9,0
116,12726,1914,0,-9,-9,21,1917,0
116,14312,1908,0,-9,-9,1,-9,0
116,14534,1897,0,-9,-9,38,1989,0
116,14534,1898,0,243,598,1,-9,0
116,14610,1905,0,-9,-9,-9,1913,0
116,14610,1913,0,-9,-9,1,-9,0
116,43455,1907,0,182,414,1,-9,0
117,36293,1919,0,-9,-9,1,-9,0
118,221,1905,0,-9,-9,12,1907,0
118,221,1907,0,248,611,1,-9,0
118,7286,1918,0,-9,-9,1,-9,0
202,3284,1917,0,-9,-9,1,-9,0
202,31836,1931,0,-9,-9,1,-9,0
202,31862,1932,0,58,312,1,-9,0
202,60004,1917,0,-9,-9,1,-9,0
202,60410,1929,0,67,165,1,-9,0
202,60878,1925,0,382,-9,1,-9,0
202,60916,1937,0,137,534,1,-9,0
202,65140,1905,0,-9,-9,1,-9,0
203,3355,1917,0,-9,-9,1,-9,0
203,60282,1918,0,203,485,1,-9,0
204,60074,1917,0,122,881,1,-9,0
205,145,1910,0,-9,-9,1,-9,0
205,188,-9,0,-9,-9,1,-9,0
205,188,-9,0,-9,-9,4,-9,0
205,8086,1908,0,-9,-9,1,-9,0
205,12158,1904,0,-9,-9,1,-9,0
205,26569,1917,0,-9,-9,1,-9,0
205,29949,1918,0,-9,-9,1,-9,0
205,31872,1918,0,-9,-9,1,-9,0
205,35229,1926,0,190,1056,1,-9,0
205,43835,1917,0,203,485,1,-9,0
205,43971,1919,0,-9,-9,1,-9,0
205,51219,1908,0,-9,-9,1,-9,0
205,53111,1913,0,-9,-9,1,-9,0
205,60012,1925,0,-9,-9,1,-9,0
205,60072,1932,0,-9,-9,1,-9,0
205,60424,1927,0,22,-9,1,-9,0
205,60478,1919,0,344,848,1,-9,0
205,60780,1922,0,-9,-9,1,-9,0
205,60912,1912,0,-9,-9,1,-9,0
205,65130,1918,0,-9,-9,1,-9,0
205,65210,1918,0,-9,-9,1,-9,0
205,70048,1914,0,-9,-9,1,-9,0
205,70252,1918,0,-9,-9,1,-9,0
205,70306,1932,0,-9,-9,1,-9,0
206,239,1905,0,-9,-9,1,-9,0
206,410,1917,0,-9,-9,1,-9,0
206,2979,1918,0,-9,-9,1,-9,0
206,2998,1919,0,-9,-9,1,-9,0
206,3138,1918,0,-9,-9,1,-9,0
206,3288,1917,0,-9,-9,1,-9,0
206,3394,1919,0,-9,-9,1,-9,0
206,3670,1918,0,-9,-9,1,-9,0
206,3793,1896,0,-9,-9,1,-9,0
206,3794,1917,0,-9,-9,1,-9,0
206,3999,1917,0,-9,-9,1,-9,0
206,4017,1918,0,-9,-9,1,-9,0
206,4565,1919,0,-9,-9,1,-9,0
206,5638,1917,0,-9,-9,1,-9,0
206,5715,1910,0,-9,-9,1,-9,0
206,5774,1897,0,-9,-9,1,-9,0
206,5827,1918,0,-9,-9,1,-9,0
206,7025,1917,0,-9,-9,1,-9,0
206,11892,1917,0,-9,-9,1,-9,0
206,12370,1917,0,-9,-9,1,-9,0
206,12822,1907,0,-9,-9,1,-9,0
206,13515,1915,0,-9,-9,1,-9,0
206,14340,1917,0,-9,-9,1,-9,0
206,22811,1918,0,-9,-9,1,-9,0
206,24431,1917,0,-9,-9,1,-9,0
206,31609,1918,0,-9,-9,1,-9,0
206,33291,1920,0,-9,-9,1,-9,0
206,36201,1921,0,-9,-9,1,-9,0
206,36227,1922,0,-9,-9,1,-9,0
206,36285,1914,0,-9,-9,1,-9,0
206,39545,1916,0,-9,-9,1,-9,0
206,39995,1925,0,-9,-9,1,-9,0
206,50915,1919,0,-9,-9,1,-9,0
206,51669,1906,0,-9,-9,1,-9,0
206,51675,1912,0,-9,-9,1,-9,0
206,53001,1917,0,-9,-9,1,-9,0
206,70006,1918,0,-9,-9,1,-9,0
206,70052,1917,0,-9,-9,1,-9,0
206,70058,1904,0,-9,-9,1,-9,0
206,70064,1918,0,-9,-9,1,-9,0
206,70102,1919,0,-9,-9,1,-9,0
206,70112,1912,0,-9,-9,1,-9,0
206,70116,1928,0,-9,-9,1,-9,0
206,70126,1917,0,-9,-9,1,-9,0
206,70144,1917,0,-9,-9,1,-9,0
206,70160,1901,0,-9,-9,1,-9,0
206,70180,1909,0,-9,-9,1,-9,0
206,70200,1917,0,-9,-9,1,-9,0
206,70230,1902,0,-9,-9,1,-9,0
206,70268,1929,0,-9,-9,1,-9,0
207,38811,1920,0,234,1106,1,-9,0
209,16,1918,0,-9,-9,1,-9,0
209,37911,1917,0,183,385,1,-9,0
210,494,1920,0,-9,-9,1,-9,0
210,656,1917,0,-9,-9,1,-9,0
210,855,1919,0,-9,-9,1,-9,0
210,968,1919,0,-9,-9,1,-9,0
210,2695,1905,0,-9,-9,1,-9,0
210,3744,1915,0,-9,-9,1,-9,0
210,5107,1914,0,-9,-9,1,-9,0
210,5545,1925,0,-9,-9,1,-9,0
210,6084,1917,0,-9,-9,1,-9,0
210,6205,1917,0,-9,-9,1,-9,0
210,8371,1920,0,-9,-9,1,-9,0
210,15240,1919,0,-9,-9,1,-9,0
210,24563,1919,0,-9,-9,1,-9,0
210,25785,1919,0,-9,-9,1,-9,0
210,26809,1918,0,-9,-9,1,-9,0
210,29079,1911,0,203,485,1,-9,0
210,31782,1919,0,-9,-9,1,-9,0
210,31796,1912,0,-9,-9,1,-9,0
210,31952,1917,0,-9,-9,1,-9,0
210,34963,1917,0,-9,-9,1,-9,0
210,34969,1920,0,-9,-9,1,-9,0
210,38631,1920,0,-9,-9,1,-9,0
210,39359,1918,0,-9,-9,1,-9,0
210,40077,1918,0,-9,-9,1,-9,0
210,51293,1925,0,-9,-9,1,-9,0
210,52511,1918,0,-9,-9,1,-9,0
210,52689,1917,0,-9,-9,1,-9,0
210,60008,1926,0,-9,-9,1,-9,0
210,60046,1918,0,-9,-9,1,-9,0
210,60096,1917,0,-9,-9,1,-9,0
210,60124,1908,0,-9,-9,1,-9,0
210,60188,1914,0,49,134,1,-9,0
210,60192,1917,0,-9,-9,1,-9,0
210,60196,1917,0,-9,-9,1,-9,0
210,60210,1924,0,-9,-9,1,-9,0
210,60232,1917,0,-9,-9,1,-9,0
210,60344,1919,0,-9,-9,1,-9,0
210,60394,1920,0,143,318,1,-9,0
210,60472,1920,0,-9,-9,1,-9,0
210,60486,1927,0,-9,-9,1,-9,0
210,60508,1919,0,-9,-9,1,-9,0
210,60540,1929,0,-9,-9,1,-9,0
210,60608,1905,0,-9,-9,1,-9,0
210,60630,1917,0,-9,-9,1,-9,0
210,60670,1919,0,-9,-9,1,-9,0
210,60778,1925,0,-9,-9,1,-9,0
210,60884,1919,0,-9,-9,1,-9,0
210,60922,1924,0,-9,-9,1,-9,0
210,61030,1918,0,344,848,1,-9,0
210,61128,1920,0,-9,-9,1,-9,0
210,65030,1918,0,-9,-9,1,-9,0
210,65182,1920,0,-9,-9,1,-9,0
210,65310,1924,0,-9,-9,1,-9,0
215,2123,1905,0,-9,-9,1,-9,0
215,3778,1902,0,-9,-9,1,-9,0
215,31716,1927,0,300,745,1,-9,0
215,60002,1919,0,118,283,1,-9,0
216,4515,1919,0,90,-9,1,-9,0
216,6089,1917,0,-9,-9,1,-9,0
216,31996,1919,0,-9,-9,1,-9,0
216,60242,1916,0,65,189,1,-9,0
216,60552,1926,0,190,1056,1,-9,0
216,60768,1920,0,253,638,1,-9,0
216,61042,1935,0,65,189,1,-9,0
216,65214,1928,0,203,485,1,-9,0
216,70088,-9,0,-9,-9,1,-9,0
216,70088,-9,0,-9,-9,21,-9,0
221,2835,1925,0,-9,-9,1,-9,0
221,4688,1918,0,-9,-9,1,-9,0
221,5373,1925,0,-9,-9,1,-9,0
221,11991,1920,0,-9,-9,1,-9,0
221,31728,1919,0,303,-9,1,-9,0
221,31780,1926,0,-9,-9,1,-9,0
221,31802,1918,0,-9,-9,1,-9,0
221,31834,1919,0,-9,-9,1,-9,0
221,31856,1921,0,90,-9,1,-9,0
221,31868,1920,0,-9,-9,1,-9,0
221,31938,1930,0,332,748,1,-9,0
221,34821,1919,0,233,572,1,-9,0
221,34843,1930,0,-9,-9,1,-9,0
221,34861,1929,0,-9,-9,1,-9,0
221,34891,1925,0,162,-9,1,-9,0
221,34909,1920,0,-9,-9,1,-9,0
221,34937,1925,0,-9,-9,1,-9,0
221,34941,1927,0,-9,-9,1,-9,0
221,34959,1920,0,-9,-9,1,-9,0
221,35023,1920,0,-9,-9,1,-9,0
221,35039,1926,0,-9,-9,1,-9,0
221,35089,1919,0,-9,-9,1,-9,0
221,35127,1924,0,-9,-9,1,-9,0
221,35137,1925,0,-9,-9,1,-9,0
221,35183,1926,0,-9,-9,1,-9,0
221,35227,1928,0,-9,-9,1,-9,0
221,35281,1918,0,-9,-9,1,-9,0
221,35329,1925,0,-9,-9,1,-9,0
221,35353,1926,0,-9,-9,1,-9,0
221,35377,1927,0,-9,-9,1,-9,0
221,35399,1929,0,-9,-9,1,-9,0
221,35433,1929,0,-9,-9,1,-9,0
221,35439,1917,0,-9,-9,1,-9,0
221,35471,1925,0,182,414,1,-9,0
221,35715,1919,0,-9,-9,1,-9,0
221,36021,1915,0,168,651,1,-9,0
221,36029,1925,0,223,-9,1,-9,0
221,36057,1927,0,26,797,1,-9,0
221,36107,1929,0,182,414,1,-9,0
221,52631,1925,0,-9,-9,1,-9,0
221,52839,1928,0,182,414,1,-9,0
221,60022,1924,0,-9,-9,1,-9,0
221,60060,1927,0,-9,-9,1,-9,0
221,60084,1928,0,94,177,1,-9,0
221,60090,1919,0,-9,-9,1,-9,0
221,60110,1919,0,203,485,1,-9,0
221,60164,1925,0,-9,-9,1,-9,0
221,60166,1925,0,-9,-9,1,-9,0
221,60176,1917,0,291,59,1,-9,0
221,60178,1926,0,203,485,1,-9,0
221,60222,1926,0,-9,-9,1,-9,0
221,60238,1928,0,-9,-9,1,-9,0
221,60250,1918,0,-9,-9,1,-9,0
221,60378,1919,0,-9,-9,1,-9,0
221,60466,1926,0,-9,-9,1,-9,0
221,60712,1928,0,-9,-9,1,-9,0
221,60748,1924,0,-9,-9,1,-9,0
221,60868,1927,0,67,165,1,-9,0
221,61054,1927,0,365,-9,1,-9,0
221,61510,1920,0,-9,-9,1,-9,0
221,65104,1921,0,-9,-9,1,-9,0
221,65158,1920,0,-9,-9,1,-9,0
221,65196,1924,0,-9,-9,1,-9,0
221,65222,1917,0,-9,-9,1,-9,0
221,65224,1919,0,-9,-9,1,-9,0
221,65226,1925,0,-9,-9,1,-9,0
221,65242,1930,0,203,485,1,-9,0
222,31992,1919,0,203,485,1,-9,0
222,46231,1904,0,203,485,1,-9,0
227,2489,1899,0,-9,-9,12,1906,0
227,2489,1906,0,225,551,1,-9,0
227,44635,1912,0,-9,-9,1,-9,0
227,60266,1944,0,203,485,1,-9,0
229,2910,1917,0,-9,-9,1,-9,0
229,4360,1919,0,-9,-9,1,-9,0
229,31467,1917,0,-9,-9,1,-9,0
229,31680,1915,0,-9,-9,1,-9,0
229,60114,1917,0,-9,-9,1,-9,0
229,60126,1919,0,-9,-9,1,-9,0
230,9945,1904,0,-9,-9,1,-9,0
230,52371,1915,0,-9,-9,1,-9,0
232,220,1905,0,-9,-9,1,-9,0
232,453,1917,0,-9,-9,1,-9,0
232,517,1918,0,-9,-9,1,-9,0
232,806,1917,0,-9,-9,1,-9,0
232,957,1918,0,-9,-9,1,-9,0
232,1055,1920,0,-9,-9,1,-9,0
232,1109,1905,0,-9,-9,1,-9,0
232,1178,1919,0,-9,-9,1,-9,0
232,1246,1918,0,-9,-9,1,-9,0
232,1593,1919,0,-9,-9,1,-9,0
232,1635,1904,0,-9,-9,1,-9,0
232,2676,1904,0,325,332,1,-9,0
232,2692,1913,0,162,536,1,-9,0
232,2778,1924,0,-9,-9,1,-9,0
232,3521,1917,0,-9,-9,1,-9,0
232,3647,1917,0,-9,-9,1,-9,0
232,3649,1916,0,-9,-9,1,-9,0
232,3677,1917,0,-9,-9,1,-9,0
232,3689,1914,0,-9,-9,1,-9,0
232,3741,1918,0,-9,-9,1,-9,0
232,3780,1917,0,182,414,1,-9,0
232,4486,1918,0,-9,-9,1,-9,0
232,4846,1917,0,-9,-9,1,-9,0
232,5470,1916,0,-9,-9,1,-9,0
232,5498,1921,0,-9,-9,1,-9,0
232,5652,1905,0,-9,-9,1,-9,0
232,6149,1917,0,-9,-9,1,-9,0
232,6587,1918,0,-9,-9,1,-9,0
232,6588,1913,0,-9,-9,1,-9,0
232,8257,1919,0,-9,-9,1,-9,0
232,11930,1905,0,-9,-9,1,-9,0
232,22149,1918,0,-9,-9,1,-9,0
232,25483,1918,0,-9,-9,1,-9,0
232,26827,1915,0,-9,-9,1,-9,0
232,28635,1917,0,-9,-9,1,-9,0
232,31752,1917,0,-9,-9,1,-9,0
232,33333,1917,0,-9,-9,1,-9,0
232,34905,1917,0,-9,-9,1,-9,0
232,36055,1919,0,-9,-9,1,-9,0
232,37463,1919,0,-9,-9,1,-9,0
232,39453,1918,0,-9,-9,1,-9,0
232,39497,1915,0,-9,-9,1,-9,0
232,43059,1903,0,-9,-9,1,-9,0
232,45883,1917,0,-9,-9,1,-9,0
232,46355,1918,0,-9,-9,1,-9,0
232,46379,1905,0,-9,-9,1,-9,0
232,49205,1907,0,-9,-9,1,-9,0
232,50831,1906,0,-9,-9,1,-9,0
232,52909,1914,0,-9,-9,1,-9,0
232,60700,1918,0,-9,-9,1,-9,0
232,61078,1916,0,-9,-9,1,-9,0
232,65168,1905,0,-9,-9,1,-9,0
232,65168,1908,0,-9,-9,1,-9,0
232,65250,1917,0,-9,-9,1,-9,0
232,65344,1918,0,-9,-9,1,-9,0
233,1645,1898,0,-9,-9,1,-9,0
233,6562,1918,0,-9,-9,1,-9,0
233,14168,1909,0,-9,-9,1,-9,0
233,25875,1920,0,-9,-9,1,-9,0
233,36065,1917,0,-9,-9,1,-9,0
233,36111,1917,0,-9,-9,1,-9,0
233,42101,1917,0,-9,-9,1,-9,0
233,60372,1917,0,-9,-9,1,-9,0
233,60390,1912,0,-9,-9,1,-9,0
234,31756,1932,0,-9,-9,1,-9,0
234,45865,1912,0,-9,-9,1,-9,0
234,60018,1932,0,137,534,1,-9,0
234,60326,1919,0,-9,-9,1,-9,0
234,60454,1919,0,325,318,1,-9,0
234,60460,1920,0,-9,-9,1,-9,0
234,61110,1929,0,-9,-9,1,-9,0
234,65262,1905,0,-9,-9,1,-9,0
237,31643,1919,0,-9,-9,1,-9,0
237,36499,1918,0,-9,-9,1,-9,0
239,35731,1923,0,-9,-9,1,-9,0
239,60356,1897,0,-9,-9,13,1903,0
239,60356,1903,0,203,485,1,-9,0
240,1880,1906,0,-9,-9,1,-9,0
240,3665,1905,0,-9,-9,1,-9,0
240,3690,1917,0,-9,-9,1,-9,0
240,4267,1917,0,-9,-9,1,-9,0
240,4415,1915,0,-9,-9,1,-9,0
240,25721,1907,0,-9,-9,1,-9,0
240,36085,1914,0,-9,-9,1,-9,0
240,38579,1921,0,-9,-9,1,-9,0
240,44107,1915,0,-9,-9,1,-9,0
240,60572,1919,0,-9,-9,1,-9,0
240,60968,1909,0,-9,-9,1,-9,0
240,65192,1918,0,-9,-9,1,-9,0
241,4411,1917,0,-9,-9,1,-9,0
241,12701,1917,0,-9,-9,23,1918,0
241,12701,1918,0,325,332,1,-9,0
241,28389,1918,0,-9,-9,1,-9,0
241,35111,1914,0,-9,-9,1,-9,0
241,52765,1905,0,-9,-9,1,-9,0
241,60596,1918,0,-9,-9,1,-9,0
241,60950,1913,0,-9,-9,1,-9,0
241,65256,1907,0,-9,-9,1,-9,0
242,49949,1939,1,-9,-9,1,-9,0
244,918,-9,0,-9,-9,1,-9,0
244,918,-9,0,-9,-9,2,-9,0
244,1235,-9,0,-9,-9,1,-9,0
244,1235,-9,0,-9,-9,2,-9,0
244,2936,-9,0,-9,-9,1,-9,0
244,2936,-9,0,-9,-9,2,-9,0
244,3052,-9,0,-9,-9,1,-9,0
244,3052,-9,0,-9,-9,2,-9,0
246,3658,1914,0,182,414,1,-9,0
246,12651,1915,0,203,485,1,-9,0
246,14438,1906,0,-9,-9,1,-9,0
246,60818,1902,0,213,229,1,-9,0
247,2863,1917,0,-9,-9,1,-9,0
247,65278,1917,0,-9,-9,1,-9,0
248,40563,1919,0,-9,-9,1,-9,0
250,2032,1919,0,-9,-9,1,-9,0
250,43747,1917,0,-9,-9,1,-9,0
250,60392,1931,0,-9,-9,1,-9,0
250,60408,1918,0,215,-9,1,-9,0
251,3522,1904,0,-9,-9,1,-9,0
251,70002,1918,0,-9,-9,1,-9,0
252,4850,1919,0,-9,-9,1,-9,0
254,52929,1917,0,-9,-9,1,-9,0
255,60432,1917,0,-9,-9,1,-9,0
255,60542,1918,0,313,770,1,-9,0
255,60846,1936,0,291,735,1,-9,0
256,3687,1912,0,-9,-9,1,-9,0
256,31964,1914,0,14,886,1,-9,0
256,60444,1906,0,-9,-9,1,-9,0
256,60710,1905,0,-9,-9,1,-9,0
256,60788,1913,0,-9,-9,1,-9,0
261,3656,1905,0,179,-9,1,-9,0
261,4704,1913,0,-9,-9,1,-9,0
261,4870,1917,0,91,-9,1,-9,0
261,12247,1922,0,-9,-9,1,-9,0
261,31664,1919,0,-9,-9,1,-9,0
264,786,1904,0,-9,-9,1,-9,0
266,60532,1905,0,-9,-9,1,-9,0
269,1052,1921,0,-9,-9,1,-9,0
269,31684,1920,0,-9,-9,1,-9,0
269,31900,1946,0,203,485,1,-9,0
269,60186,1921,0,182,414,1,-9,0
269,60544,-9,0,-9,-9,1,-9,0
269,65386,1942,0,-9,-9,1,-9,0
269,70004,1924,0,148,332,1,-9,0
274,31411,1917,0,-9,-9,1,-9,0
274,60180,1917,0,-9,-9,1,-9,0
274,60246,1929,0,94,-9,1,-9,0
274,60402,1918,0,183,385,1,-9,0
275,35403,1928,0,-9,-9,1,-9,0
276,1850,1904,0,-9,-9,1,-9,0
276,5240,1917,0,-9,-9,1,-9,0
276,25287,1920,0,-9,-9,1,-9,0
276,50601,1918,0,-9,-9,1,-9,0
276,60694,1920,0,-9,-9,1,-9,0
276,65200,1917,0,-9,-9,1,-9,0
276,65372,1907,0,-9,-9,1,-9,0
282,2241,-9,0,-9,-9,1,-9,0
282,2241,1914,2,-9,-9,27,-9,0
282,41275,1904,0,-9,-9,1,-9,0
282,60652,1915,0,382,-9,1,-9,0
284,34813,1904,0,-9,-9,1,-9,0
287,6089,1917,0,-9,-9,1,-9,0
287,28017,1917,0,-9,-9,1,-9,0
292,61074,1910,0,-9,-9,1,-9,0
293,2869,1918,0,203,485,1,-9,0
297,12998,1918,0,-9,-9,1,-9,0
297,60310,1917,0,-9,-9,5,1919,0
297,60310,1919,0,325,332,1,-9,0
298,70226,1918,0,-9,-9,1,-9,0
299,60756,1905,0,-9,-9,1,-9,0
300,2869,-9,0,-9,-9,1,-9,0
304,60430,1928,0,325,332,1,-9,0
309,11471,1898,0,-9,-9,1,-9,0
309,12378,1904,0,-9,-9,2,1914,0
309,12378,1920,0,203,485,1,-9,0
309,51475,1903,0,-9,-9,1,-9,0
309,60336,-9,0,-9,-9,2,1918,0
309,60336,1918,0,203,485,1,-9,0
310,31750,1927,0,-9,-9,1,-9,0
310,60220,1917,0,-9,-9,1,-9,0
313,60792,-9,0,-9,-9,1,-9,0
313,60792,1903,0,-9,-9,2,1919,0
322,40249,1919,0,-9,-9,1,-9,0
325,60010,1932,0,182,414,1,-9,0
330,2423,1917,0,-9,-9,9,1917,0
330,2423,1917,0,-9,-9,33,1918,0
330,2423,1923,0,203,485,1,-9,0
336,43159,-9,0,-9,-9,5,1918,0
336,43159,1918,0,182,414,1,-9,0
339,60300,1928,0,203,485,1,-9,0
344,2623,1906,0,-9,-9,1,-9,0
345,6095,1919,0,-9,-9,1,-9,0
345,60240,1903,0,-9,-9,5,1907,0
345,60240,1920,0,223,545,1,-9,0
346,12617,1890,0,-9,-9,3,1903,0
346,12617,1917,0,182,414,1,-9,0
353,60290,1918,0,318,787,1,-9,0
355,65322,1923,0,-9,-9,1,-9,0
359,45089,1918,0,-9,-9,1,-9,0
359,45089,1918,0,-9,-9,45,1918,0
360,45089,1905,0,-9,-9,5,1917,0
360,45089,1918,0,-9,-9,1,-9,0
362,60842,1913,0,-9,-9,1,-9,0
376,60682,1912,0,182,414,1,-9,0
379,60860,1930,0,-9,-9,1,-9,0
500,2256,1903,0,90,761,1,-9,0
500,3677,1917,0,-9,-9,1,-9,0
500,32257,1903,0,-9,-9,1,-9,0
500,65226,1925,0,-9,-9,1,-9,0
500,80001,1917,0,-9,-9,1,-9,0
500,80002,1939,0,22,-9,1,-9,0
500,80004,-9,0,-9,-9,1,-9,0
500,80004,1898,0,-9,-9,2,-9,0
500,80007,1960,0,-9,-9,1,-9,0
500,80009,-9,0,-9,-9,1,-9,0
500,80009,1887,0,-9,-9,43,1887,2
500,80018,-9,0,-9,-9,1,-9,0
500,80018,1905,0,-9,-9,2,-9,0
500,80025,1903,0,-9,-9,1,-9,0
500,80036,1952,0,18,-9,1,-9,0
500,80053,-9,0,-9,-9,1,-9,0
500,80053,-9,0,-9,-9,2,-9,0
500,80053,-9,0,-9,-9,18,-9,0
500,80056,-9,0,-9,-9,1,-9,0
500,80056,-9,0,-9,-9,2,-9,0
500,80061,1939,0,18,198,1,-9,0
500,80074,1907,0,1,725,1,-9,0
500,80083,1945,0,-9,-9,1,-9,0
500,80087,1903,0,-9,-9,1,-9,0
500,80105,1932,0,-9,-9,1,-9,0
500,80122,1939,0,-9,-9,1,-9,0
500,80128,1948,0,-9,-9,1,-9,0
500,80135,-9,0,-9,-9,1,-9,0
500,80135,1917,0,-9,-9,21,1921,0
500,80138,1901,0,-9,-9,1,-9,0
500,80139,-9,0,-9,-9,1,-9,0
500,80139,1903,0,-9,-9,2,-9,0
500,80139,1903,2,-9,-9,54,1903,2
500,80151,1932,0,-9,-9,1,-9,0
500,80153,1938,0,-9,-9,1,-9,0
510,80008,1952,0,135,310,1,-9,0
510,80012,1919,0,90,-9,1,-9,0
510,80019,1939,0,-9,-9,1,-9,0
510,80039,1955,0,18,198,1,-9,0
510,80062,1933,0,18,198,1,-9,0
510,80100,1927,0,18,198,1,-9,0
510,80101,1931,0,-9,-9,1,-9,0
510,80140,1930,0,-9,-9,1,-9,0
514,12791,1903,0,-9,-9,12,-9,0
520,23481,1917,0,23,52,1,-9,0
521,80132,1901,0,-9,-9,1,-9,0
522,3793,1898,0,90,761,1,-9,0
523,80161,1905,0,90,138,1,-9,0
530,80034,-9,0,-9,-9,1,-9,0
530,80034,1898,0,-9,-9,12,1916,0
532,80071,-9,0,-9,-9,1,-9,0
532,80071,-9,0,-9,-9,2,1906,0
542,80045,1918,0,-9,-9,1,1928,2
542,80045,1918,0,58,871,1,-9,0
543,80020,1918,1,90,-9,1,-9,0
545,80010,-9,0,-9,-9,1,-9,0
545,80010,1905,2,-9,-9,2,-9,0
545,80024,1905,2,-9,-9,1,-9,0
545,80031,-9,0,-9,-9,1,-9,0
545,80031,1905,2,-9,-9,2,-9,0
545,80072,-9,0,-9,-9,1,-9,0
545,80072,1905,2,-9,-9,2,-9,0
545,80080,1905,2,-9,-9,1,-9,0
545,80088,-9,0,-9,-9,1,-9,0
545,80088,1903,0,-9,-9,2,-9,0
545,80095,1903,0,223,545,1,-9,0
545,80097,-9,0,-9,-9,1,-9,0
545,80097,1903,0,-9,-9,2,-9,0
545,80102,-9,0,-9,-9,1,-9,0
545,80102,1903,0,-9,-9,2,-9,0
545,80118,-9,0,-9,-9,1,-9,0
545,80118,1905,2,-9,-9,2,-9,0
545,80120,1905,2,-9,-9,1,-9,0
545,80125,-9,0,-9,-9,1,-9,0
545,80125,1903,0,-9,-9,2,-9,0
545,80126,-9,0,-9,-9,1,-9,0
545,80126,1903,0,-9,-9,2,-9,0
545,80129,-9,0,-9,-9,1,-9,0
545,80129,1903,0,-9,-9,2,-9,0
545,80131,1905,1,-9,-9,1,-9,0
546,3756,1904,2,-9,-9,1,-9,0
551,80144,1905,2,-9,-9,1,-9,0
552,80006,-9,0,-9,-9,1,-9,0
552,80006,1895,2,-9,-9,14,1902,1
552,80006,1902,0,-9,-9,43,1905,0
552,80006,1905,0,-9,-9,44,1912,1
554,80026,1898,0,-9,-9,12,1918,2
554,80026,1918,2,-9,-9,1,-9,0
556,80075,1905,2,-9,-9,1,-9,0
556,80075,1905,2,-9,-9,1,1917,0
556,80075,1917,0,-9,-9,2,1924,2
558,80064,1906,0,-9,-9,12,1917,2
558,80064,1917,2,-9,-9,1,-9,0
999,309,1905,0,-9,-9,7,1918,0
999,1731,1901,0,-9,-9,2,1917,0
999,1879,1917,0,-9,-9,9,1917,0
999,1936,1917,0,-9,-9,-9,1917,0
999,2692,1904,0,-9,-9,24,1913,0
999,3534,1905,0,-9,-9,2,1917,0
999,7104,1917,0,-9,-9,7,1918,0
999,7168,1906,0,-9,-9,2,1915,0
999,45089,1917,0,-9,-9,7,1918,0
999,48749,1897,0,-9,-9,12,1903,0
999,49205,1912,0,-9,-9,9,1917,0
